result,action,has_hit,has_bat,batter_name,spray_angle,launch_angle,exit_velocity,bat_elevation,bat_forward_tilt,head_speed,head_speed_x,head_speed_y,head_speed_z,handle_speed,handle_speed_x,handle_speed_y,handle_speed_z,xxBA
HitIntoPlay,,True,True,Alice Atkins,27.482588965436427,65.83795982962585,24.0,-15.223476391630587,0.28088823029197557,84.3175374628725,-15.306268501994602,82.62033893184349,7.0032037764912785,14.193727492969497,-13.724390166144616,-2.990165087633638,-2.0400802584231967,0.0662
HitIntoPlay,,True,True,Bob Batterson,37.20027897884712,-9.146789451447502,96.0,-35.22960706346723,13.091400709117627,67.01505416599682,8.786029049552463,62.691727000861455,21.990237471691074,8.860496888130168,6.89184387725525,1.4456075402973068,5.377835244365459,0.22680000000000003
Strike,Foul,True,True,Clara Clapham,-47.134219800973646,29.573659989937717,86.0,-16.93862983788744,-20.803745799729914,61.891088364418856,-20.159199159757517,58.37778196262668,-4.018467530484036,9.710465360833197,3.2608902184501627,9.145495654509576,-0.14014899394541924,0.05455
HitIntoPlay,,True,True,David Dunkins,8.5673804873675,36.176988409934935,89.0,-19.414393594713953,4.60327200747691,73.60784296199968,-17.802723296438298,71.39418127292576,2.0120807929788063,13.674726216098371,-9.934518718383929,-4.624728403070867,8.180181056502171,0.028000000000000008
Strike,Foul,True,True,Ernest Engels,-78.75746105072201,-44.25666999833081,67.0,-10.538706097523384,29.281764311677637,69.37339549718438,-25.820464505052925,61.27073112471299,19.795684453819515,8.934200088072526,-7.247049835384525,1.7465977946135725,-4.924387884907045,0.1699
HitIntoPlay,,True,True,Frankie Fisher,-23.31026240869631,-35.6496074915076,97.0,-28.106920567552052,-7.105686192949609,74.64638680311711,2.5193071086577223,74.39773903997605,5.541893195692942,14.177185528624895,-11.047622729518123,8.681196594171622,1.8919427138866254,0.0768
HitIntoPlay,,True,True,Gabby Galway,-31.334473558654384,-11.943482730055928,82.0,-13.944934896529876,8.132609386124589,77.09692018838666,-16.384584433347936,74.63704733415315,10.236779802278493,10.649673980891956,-9.908506729337857,-0.7479407722954458,3.8311401560229594,0.09195
Strike,Foul,True,True,Bob Batterson,-60.395850709278044,9.933994469797232,96.0,-24.868429662922274,-31.971638868816733,65.1855448216742,-25.747585690385467,57.62811406981991,-16.285501330035178,11.492360735936193,4.009548271207264,10.621085162580345,1.7861768991234792,0.6678000000000002
HitIntoPlay,,True,True,Harry Hitterson,41.94832443789492,10.774237222311674,53.0,-9.967904354053072,31.510605587221754,71.59689446303346,-32.492112142547285,61.68454242926302,16.29095364180175,6.628389502577933,-4.18550021825499,4.204758225596883,2.9558659619725853,0.1443
Strike,Foul,True,True,Ivy Isles,83.52929222546643,48.86527817961585,86.0,-22.299887806024763,4.2807765791500865,78.97830937116188,-21.957014047967842,75.74728791807688,-4.220338645211378,46.22982168145708,-40.42520089167726,19.91182426244759,-10.320794548301947,0.00505
HitIntoPlay,,True,True,James Jacobson,-0.3604280916673238,2.607411976003535,97.0,-30.498378910384158,-16.879556329577046,82.44585859879433,9.465930586040125,80.68187249760457,14.076619214603241,31.851847440927497,24.227119836071036,-2.7218937191609234,20.498247350209365,0.46035000000000004
HitIntoPlay,,True,True,David Dunkins,16.612458046340407,29.022325240613977,90.0,-21.73727278198706,-1.7531355646034086,79.26875159754486,-23.676109523255274,75.59214929932084,-2.9671167798520917,16.98768593357826,-14.916659285606755,-0.5400068124237424,8.11068072220516,0.07065
HitIntoPlay,,True,True,Ernest Engels,24.836491449889415,69.82396699727171,82.0,-14.379641586411005,13.12551190925709,78.0529885314837,-23.0878255764786,74.49819377221475,3.039811428949621,9.750884008922435,-8.16256640501264,0.769051074356765,5.278333930725583,0.0026000000000000003
Strike,Foul,True,True,Liam Lowes,88.18822291919412,47.52276161008634,69.0,-25.466398788254473,-7.461425625617674,68.15130230944571,-3.456170849143838,67.70036018836674,-7.022543691597446,7.81132151549203,-4.852203178597087,5.430280834970013,2.8257597536518215,0.2193
HitIntoPlay,,True,True,Ivy Isles,-13.436606138528285,9.382088296722015,104.0,-22.44391712411675,8.23687209447099,71.45811972639203,-1.106308934390041,69.66463373250362,15.870657273383047,10.382742637110578,-8.002999404999132,6.4723127033918795,-1.3647393383241995,0.784
HitIntoPlay,,True,True,Mia Martinez,4.524567121727533,13.396621531725843,101.0,-17.367977407533942,11.688847004167618,74.51888328560035,-16.46406347077007,72.6766371787988,-0.32401935840495466,34.507355085943516,-23.274384412895294,23.10760080964952,-10.728437446807119,0.8510500000000002
Strike,Foul,True,True,Clara Clapham,-77.19433540155201,-37.569023550260056,53.0,-14.806624113368013,-37.372267942067396,51.780298601513394,-28.672392430253744,42.10861562621386,-9.271338934112787,8.845541144217414,1.8646792839148518,8.230008235131782,-2.6520810228658127,0.13415000000000002
HitIntoPlay,,True,True,Clara Clapham,-3.7358681288637694,13.848006580269788,77.0,-16.337909184971945,-6.431755265028826,70.16525050636133,-7.691848945638808,69.14291193199796,-9.124448913873643,9.112085452692599,1.123490547461035,9.042255190950208,-0.0741036346733743,0.5752499999999999
HitIntoPlay,,True,True,Nolan Nash,-7.1591974218435555,26.681392100518273,96.0,-20.880426488573697,11.130382309591809,66.14593892710144,-16.230908767841047,63.31762240669851,10.135163041638995,13.495061250611734,-10.1902559806907,8.243430797063949,3.212663987997712,0.28500000000000003
Strike,Foul,True,True,Olivia Olsen,-139.09795048703114,53.700929323706205,60.0,-31.17300909091278,-3.0897212482086416,87.04187030874256,4.393796144901351,86.72191205144432,6.0242603216135,13.112021892152743,13.08017707928789,0.9019118786277224,0.1436685002172951,0.03580000000000001
Strike,Foul,True,True,Clara Clapham,-150.81109053595958,77.19777559848455,61.0,-20.067381749333258,-9.728406015985032,115.1183263517423,35.090284005407895,107.73828344641464,20.331338137615997,43.10273781905939,39.486284311209424,-7.273175458211536,15.677381080619904,0.0062499999999999995
HitIntoPlay,,True,True,Frankie Fisher,8.95906322663489,-3.1970233860510366,78.0,-37.60507750401901,-14.64692001991305,70.77347142755761,-0.08101282498256034,70.26018114684761,-8.50791631609416,11.872018621015863,-10.042816789149715,2.6193263732346503,5.764181331967048,0.11474999999999999
HitIntoPlay,,True,True,Mia Martinez,39.439994852855044,48.57143737385424,64.0,-10.503868904823218,-27.16794874097577,81.95236403709968,12.597005517460797,80.45126474872517,-9.224934882854354,18.977565911697003,-18.092843693260793,4.567869003627596,-3.454213049268313,0.18505
HitIntoPlay,,True,True,Mia Martinez,-7.524424254447589,2.3032827164711014,100.0,-18.688700478384515,-4.240951848100554,73.91088728142356,-3.799703508840808,73.61739749801997,-5.372178104896037,10.007914005703304,-9.446037794388339,1.3939470890064953,2.9979366647062036,0.47185000000000005
Strike,Foul,True,True,Clara Clapham,-59.848501645670964,14.453127603948486,95.0,-10.73792709183822,-33.51786867557125,55.96585861306491,-27.618719800069837,48.56107007047798,-3.3475544077624155,10.72459008116343,7.078284643852148,7.8465127326817905,-1.8294690064219414,0.8969000000000001
HitIntoPlay,,True,True,Peter Parker,-19.953281541537898,20.47458491725188,76.0,-15.105377174959582,21.187255242608988,65.87623900637381,-22.42509062101811,59.43198266750812,17.453756400071175,13.287806377841228,-12.227340228783339,1.137675567438828,5.0757899452033435,0.9733500000000002
HitIntoPlay,,True,True,Bob Batterson,29.850321959785653,-72.42819500371738,56.0,-29.660405947615637,-11.145989026265422,69.4110197096497,-16.42250530120199,66.5556572032668,10.887399643928317,11.815913469070432,4.8595683751887195,10.303519734967322,-3.1365406719130284,0.16409999999999997
HitIntoPlay,,True,True,Quinn Quest,6.605505337226994,-78.05764947364095,44.0,-28.385244902293106,-11.7038205341659,105.57340818587527,46.07885247742827,94.97194760597095,1.6772114576122286,35.10953673873034,12.608385552775136,26.351986715718894,-19.475137480783076,0.17195
HitIntoPlay,,True,True,Ryan Reeve,-10.19211897923316,-0.48420864195393154,99.0,-14.402201364276493,1.0687663289798253,69.75361328204812,-18.1031298224794,67.141592815439,5.4634943706172585,25.38771500973002,-22.430717296345396,11.810197509609658,-1.3850017222777524,0.4006
Strike,,True,True,Clara Clapham,-70.84271571239809,-14.070873760851978,85.0,-14.104556079791626,-40.2832087501191,60.38742316866413,-30.085205102505803,50.72926867291856,-12.963896435960747,13.885204079044483,9.937881895947193,9.073145462847593,3.4227806165348493,0.08875000000000001
Strike,Foul,True,True,Stacey Statkin,-81.49047903181264,33.49431226103318,91.0,-14.056900548561766,-36.384848421803035,65.40670942040497,-21.941811835439935,60.77512858023665,-10.147821275482919,16.17468844753609,10.378558303892039,10.988884191821459,5.757646926158944,0.04685
HitIntoPlay,,True,True,Olivia Olsen,6.911906423450072,22.09427499052977,108.0,-26.30243419730189,10.014874336809147,74.70469186449496,6.842751806402455,73.4219812289618,11.96580154854224,16.009027362076875,10.437316154912073,12.119836895545857,-0.6789272328481533,0.94995
Strike,Foul,True,True,Ernest Engels,33.95417795260805,46.271320582717806,82.0,-15.874646788334925,1.3929876500232874,73.02099291006259,-20.515935918068642,69.88348603572238,-5.240244123331192,28.074951522178967,-17.554223847218157,19.175805688263768,10.599085069023992,0.024350000000000004
Strike,Foul,True,True,Gabby Galway,174.12949085555184,7.947116377013312,67.0,-9.300488036927094,35.796859651164716,89.21733771635883,-54.65416729506607,68.2930680585319,17.570207785637653,6.168014311609379,-4.805088696843815,3.7208001381840443,1.0541202471120301,0.20615
Strike,Foul,True,True,Gabby Galway,175.45141346267465,9.956119201624933,68.0,-5.748921012470207,29.205665566119148,88.84419270802695,-45.60556450047059,75.05948428526827,13.397644694647337,7.2223742967898,-5.067783505211207,1.6294569604756344,4.881099347605689,0.25339999999999996
Strike,Foul,True,True,Stacey Statkin,-64.6690917945591,-4.857009112857786,98.0,-14.847598481738858,-39.90949333816346,64.50746951162284,-38.18722575348529,51.112071340792205,-9.513441821920658,12.866227543217203,3.7853863829332073,12.296697956043735,-0.04336477343069566,0.26765000000000005
Strike,Foul,True,True,Peter Parker,138.63182725173363,28.027863780121304,65.0,-19.82186710398427,-2.676043669142864,79.44803709206923,-0.60961971341975,79.36074862894286,3.6729468607049043,5.934110260330341,-5.389973728684261,0.05745886583056633,2.481641848572992,0.88835
HitIntoPlay,,True,True,David Dunkins,-10.327489107063741,10.306216223670326,88.0,-15.35320392072864,1.254179632218876,101.47303783514188,-67.8493520605385,73.05112334986866,18.888520582076083,64.98169999796116,-62.59218702319202,-17.097806756377143,-3.536164928331684,0.5947500000000001
Strike,Foul,True,True,Nolan Nash,136.47656828921237,-56.822993548879,56.0,-11.389526022395337,29.143453340421953,79.8228714783137,-35.85075460992394,67.0447048609103,24.31916435767965,12.376721093810348,-7.863728897043192,9.41146699318696,1.6641159526698537,0.23905000000000004
Strike,Foul,True,True,Ivy Isles,-132.07783856672935,-26.29891294253241,66.0,-20.07907347869532,20.122749501250112,87.5203187756321,-12.295755778770726,80.33005075496736,32.491591744964666,7.801641324415066,-6.218468026142843,-1.913868946615251,-4.305039885743433,0.045250000000000005
Strike,Foul,True,True,Bob Batterson,-58.00313275070431,37.523787976823456,84.0,-27.320340745873583,-14.001588736171088,68.55298825376278,-5.895408712973796,68.03724269728663,-5.974107529836326,12.334461455852617,11.772016320329088,3.675028817406763,-0.22963961123752472,0.01315
HitIntoPlay,,True,True,Quinn Quest,-14.149557916693112,20.86467456859642,106.0,-10.652181126968099,6.994560281768848,62.787412708886336,-18.32310794284937,58.8711830879302,11.861985998057529,15.252452021962812,-4.043879434416251,-9.440000716064144,11.276999524824465,0.792
HitIntoPlay,,True,True,David Dunkins,-36.94504323147594,-21.253930148290898,104.0,-15.680001283351338,12.161969823415976,69.79353686885257,-18.23120349982236,65.91504254077314,13.92724576002072,9.33344646982876,-8.910512745159307,-1.0996066549288015,2.5508529608640265,0.17825
HitIntoPlay,,True,True,Nolan Nash,-39.80708200563509,0.1290127056858562,95.0,-11.340720517619276,25.21468896215447,71.64145601292013,-22.068125500818713,64.48056307251554,22.085131703991067,15.314022388597266,-12.001568937760029,9.30559382295373,1.971686677151653,0.3618499999999999
Strike,Foul,True,True,Peter Parker,170.69681381741594,12.392560988623263,76.0,-16.996267841083817,30.31120439081042,79.89347587458373,-38.59888950069764,65.53871016197321,24.44934941753042,8.22330514994435,-3.5421539259870576,-7.335815568445046,1.1232555806560793,0.38475
HitIntoPlay,,True,True,Ernest Engels,-28.516539502971277,-27.246755454971076,101.0,-12.127860945539947,10.401179396908864,72.88763678998257,-7.0178203637052645,71.18762613146062,13.988555319923842,9.046221203303972,-8.43214230188957,1.9188863355393468,-2.655366168924959,0.12675
Strike,Foul,True,True,Talyor Tomlinson,132.95601555058147,51.461510229401355,71.0,-17.523501311040256,-1.635977519596434,78.09638633058981,-0.7047967684199791,78.04227639923238,2.819913799706686,6.871763338925766,-5.183684785430236,-0.5528578442754505,4.4771521791789,0.13244999999999998
HitIntoPlay,,True,True,Harry Hitterson,-27.87088696750863,13.24365951772135,93.0,-6.95539451672144,22.32308861994544,63.85453973600314,-16.421032542224335,57.94556205572426,21.214706530853128,8.761129309363104,-6.225315118525879,2.451562137180942,5.656207345737527,0.9476500000000001
HitIntoPlay,,True,True,Frankie Fisher,19.325170882509727,44.85597310637489,72.0,-15.375815457616046,-4.893895852112354,54.78391785441362,6.023324704215056,54.00239339441107,6.981312388226132,12.450062064656324,3.3076607605059745,4.452512767427898,11.146235048799891,0.25195
Strike,Foul,True,True,Bob Batterson,-87.66559013208821,0.9407592822369724,94.0,-17.939831013925037,-48.90594229586905,53.786750727451086,-27.414523282803756,44.1615927453739,-13.827949710109234,18.732224237503203,-0.3941988442109651,18.167938960494872,4.54607809909351,0.36785
HitIntoPlay,,True,True,Olivia Olsen,17.33145945621479,28.75322677033434,99.0,-17.709496938400797,13.553594400925434,67.92537941127142,17.320190583455435,63.88446889439366,15.25263257274643,11.540286507518356,6.495142598035842,8.499375554767374,4.330352235767114,0.4924500000000001
Strike,Foul,True,True,Quinn Quest,168.60354139796536,14.963443399797198,65.0,-14.855835632361678,-7.631898261191326,88.66635883925002,17.804163514218416,86.46046290172762,8.32606186552832,8.71157719973855,7.158265366164055,-3.8852407097922947,3.091232582895276,0.33105
HitIntoPlay,,True,True,Talyor Tomlinson,-37.78502137001408,-7.374681337013077,95.0,-11.702994056604943,19.95337555545328,67.22651710287623,-18.184368845646343,59.015557890569845,26.56872707401684,7.708485302878598,-7.18609511026523,-2.529600110771383,1.1755449844658943,0.20429999999999998
Strike,Foul,True,True,Quinn Quest,51.874696803645655,24.646702062469917,90.0,-18.087931982252794,-34.937247407747115,66.0765993604012,-23.449741819402295,61.450135494303446,-6.333043452408649,68.26027190504772,-67.68907041892372,-5.316172839685567,-7.02799919689964,0.13119999999999996
Strike,Foul,True,True,Ivy Isles,136.17388360575129,19.01820429112218,68.0,-36.2273149262111,-31.939092752882896,73.49303085100263,12.054852675798024,71.43244159604265,-12.381938388603965,18.901732365471524,-16.26940929802092,7.6670802761015375,5.813577861282915,0.6973
Strike,Foul,True,True,Quinn Quest,44.417140223725916,13.372370967212394,89.0,-22.58437425457273,-14.953097707856443,113.97430770996328,-30.05879197545255,105.85071107228927,-29.702505086820633,80.2853601128836,-42.69451989839787,64.94077804592699,-20.13982040362712,0.9285
Strike,Foul,True,True,Quinn Quest,147.98484973740713,32.39180048920564,73.0,-31.649668711663526,-4.092506429123107,88.16473537967197,25.572837482223207,84.15256228423475,-6.115293016150049,13.695372715106375,-8.973844212332557,6.061507138232178,-8.384001733756142,0.45934999999999987
HitIntoPlay,,True,True,Gabby Galway,40.23872930599778,82.79823055866045,76.0,-15.551773574800732,25.63840361793985,78.99845819327882,-34.43259883370533,70.05993767534112,12.114357902904086,6.662724015843521,-4.821537384632326,0.40293225977484987,4.580645604488914,0.0022000000000000006
HitIntoPlay,,True,True,Ernest Engels,8.027916743979759,50.13573927036482,73.0,-22.026082851310253,-11.083065348875275,123.95878718177204,-49.31324662077686,113.58746055509746,5.645656023746927,54.82242481450635,-52.002789739985914,15.083261283787515,8.585065570280396,0.13645
HitIntoPlay,,True,True,Bob Batterson,38.584228009012214,-27.519282129314405,109.0,-30.730816712575173,6.181520993177596,81.50664507615323,13.119856581565658,77.29091555950575,22.300603732242628,15.762162543974743,12.520892745264618,5.29191804093006,7.9792616433063,0.12545
HitIntoPlay,,True,True,Ivy Isles,35.31594808387778,9.189607049392974,68.0,-24.03125169195504,-30.854875111713685,74.5968226677892,-11.174640543186635,72.50996200275205,-13.495138799568226,57.59363289273675,-56.049633315057534,10.009620275480978,-8.675981614295951,0.2358
Strike,Foul,True,True,Gabby Galway,178.12118081987646,12.09088918607911,80.0,-6.537751343673511,14.813434796992645,90.60762785443703,-27.03778639090886,85.40778432096073,13.572424612868222,7.577104317100858,-5.693112993371754,1.3432100033016021,4.816301606415515,0.50635
HitIntoPlay,,True,True,Mia Martinez,-51.17055290614552,-59.304777564936316,61.0,-23.659503504718003,-13.581418393195934,70.23093807992798,7.857511832153715,69.6064128081359,-5.058800982210789,13.035550914977426,-12.465382244885733,3.7970157725845604,0.3500062408020344,0.26394999999999996
Strike,Foul,True,True,David Dunkins,101.66613620627983,65.19384012648139,66.0,-14.469246281922686,-2.8737194517600058,82.51431397726464,-8.034715376167402,81.2563244362278,-11.893910167689944,8.520320730462513,-7.915247151479464,-0.26925665743768645,3.1420103012833964,0.0033499999999999997
Strike,Foul,True,True,Clara Clapham,-117.96217666081074,17.82771811530479,73.0,-20.56279048949117,-31.58011423778135,70.64544791899007,-20.099796995896618,65.72453485231101,-16.342062013278486,13.421593903801373,4.421530754521137,12.2618716814433,3.1993361144463712,0.88315
Strike,Foul,True,True,Gabby Galway,161.74083025780948,59.72056209821525,59.0,-12.311574258257302,17.920777800138225,93.6548177057766,-27.917721848254146,89.35464534805206,2.7519158834521864,11.812534711409445,2.6235680273844295,10.594333777918342,-4.518070264614932,0.007550000000000001
HitIntoPlay,,True,True,Gabby Galway,-33.044216564876464,27.76490256754495,54.0,-16.509905384787853,17.368225704565496,82.70962474116615,-27.070833343568342,77.94961404922587,5.648865061762627,5.295631833942208,-3.618044224947134,-3.283575230879202,2.04245103004831,0.25560000000000005
Strike,Foul,True,True,David Dunkins,77.21864803659041,44.42576835970264,74.0,-21.514710914208447,-11.07254080963171,75.58148585321413,2.3895367859098657,74.87712863772124,-10.01332735400863,11.06764903804397,-8.351975214150604,6.894322663455758,2.28159599046147,0.17529999999999998
HitIntoPlay,,True,True,Liam Lowes,5.5272746846306395,14.68951251117345,67.0,-24.889707503612218,-3.808620374851555,69.04064250465792,3.189678173433627,68.82457559913115,-4.428776829484712,9.50037502212063,-6.519631082674624,6.529814402660271,-2.2612076361022133,0.37520000000000003
HitIntoPlay,,True,True,Clara Clapham,13.967003391340644,-38.8460110325163,106.0,-3.221219837676503,-3.113168465770453,69.63945126380112,21.63934401960066,65.96709147863189,-5.452962917031191,48.62715120214949,13.612963043304571,27.66931450508113,37.59915033663978,0.10255
Strike,Foul,True,True,Gabby Galway,36.34656342392685,55.11368228930361,87.0,-29.403542943380923,-2.4135516714062604,82.56332948028115,-34.81530277681172,74.43731364405853,7.980250928664267,54.94801120810105,-53.42073711984333,10.959986313741268,-6.737023177991587,0.011700000000000002
Strike,Foul,True,True,David Dunkins,167.565568528964,-27.136073984339102,80.0,-22.713999680316345,-44.20725900374555,74.20639739565384,35.74910170532872,58.79617763891272,-27.777700350410285,15.763277740375335,-12.423447998872755,9.511294764463937,1.9168038092089545,0.04855000000000001
HitIntoPlay,,True,True,Nolan Nash,-38.037489211746504,-1.963628321279153,89.0,-6.102455364957193,17.492656585698708,70.65521823652436,-24.527937488265902,60.005257101560204,28.10532452753862,11.873721514266586,-10.827862102156992,-0.2634543061179466,4.865517107524901,0.25375000000000003
HitIntoPlay,,True,True,Gabby Galway,9.739783433660856,47.42557909600219,90.0,-17.771929551703415,6.178645079228528,88.54240407576813,-35.02325650319672,79.6231338129298,16.53134553616756,39.17518785930754,-33.14876887595846,11.717672443391745,17.278617373207336,0.0048000000000000004
HitIntoPlay,,True,True,Kyle Kevins,-23.738055123110524,47.65213375032074,83.0,-12.969453325075053,14.069948461257757,137.0610164204828,-101.99966244134461,78.92288073111926,46.40010755557716,91.46198832014551,-77.48149779448899,14.25159348017253,46.46294104200612,0.015050000000000003
Strike,Foul,True,True,Kyle Kevins,87.10074197557913,65.62643397640124,77.0,-21.502932983157468,8.23913401208059,68.02242373892372,-24.104847697998615,63.57869468840577,1.9380481140745862,15.843606786251458,-10.44675509227736,9.991499749935242,6.484991656615625,0.003350000000000001
HitIntoPlay,,True,True,Umberto Umbridge,-23.722905468301168,2.768897695667879,84.0,-24.928136754312597,14.086403927643072,62.04927257493146,-19.338490125836334,57.89346558238247,11.157135366776204,17.072058899777186,-16.089446891673713,5.708196993934858,-0.037160138665510496,0.3006
Strike,Foul,True,True,Liam Lowes,172.08949154562865,12.620639973163566,77.0,-20.389713126519613,-13.11159597193795,79.07484505139482,1.175057753318657,79.03548574487355,2.2005345374147827,14.02277302837689,-12.666840740419321,5.988503279242497,0.5719593838110586,0.44485
Strike,Foul,True,True,Ernest Engels,106.45482513871666,66.29208742159425,58.0,-13.335662257392332,0.7974965194761792,68.1104562795404,-4.477907610974049,67.2401385520512,-9.886676162175194,8.124278488520323,-3.2360692315861668,7.451678996584593,0.06509239030345172,0.0013000000000000002
HitIntoPlay,,True,True,Liam Lowes,-24.99839701395031,3.2914346803695023,97.0,-14.668282215398856,10.746733444731348,74.00285174867838,-22.24654800012808,70.55082837848475,2.0233101898769,25.478257812840344,-20.807385214984986,13.753645708126857,-5.199189497230108,0.5040500000000001
Strike,Foul,True,True,Vivian Valley,64.72956354737852,4.062598990984243,90.0,-32.60128942213197,-29.71415820761079,74.2219639721777,30.05367630606485,66.28070589715121,-14.578906068456131,12.341414929495214,-8.163443688646192,8.535206912489437,3.5803564857793924,0.4085
HitIntoPlay,,True,True,Talyor Tomlinson,0.3077512541437999,29.489962413975647,104.0,-15.206922388239516,3.8787201159118156,67.44034040600937,-0.523776949411409,65.66742940138077,15.352976506213933,14.500086567523807,-10.203666308270698,10.116211057544618,-1.9493532707946395,0.8590500000000001
HitIntoPlay,,True,True,Quinn Quest,31.669445231676544,55.56682688025754,65.0,-17.535319810195197,4.758587768836987,66.74294716776322,-8.106263954386728,66.22375959737369,1.8229498429468158,12.911832732285328,-7.685042500309168,10.28677781708944,-1.35563579799046,0.025400000000000006
Strike,Foul,True,True,Kyle Kevins,61.169324517101,29.50472537702469,86.0,-22.96718850123071,-20.129265807661067,66.36368879925872,-8.143363658307342,64.8656350590014,-11.413772722718186,25.778120243332005,-18.911618118501618,15.36029235933183,8.421615169045467,0.05455
Strike,Foul,True,True,Kyle Kevins,146.5330301283041,47.03315444567622,62.0,-16.332732759348826,10.802967893017327,71.32218198900678,-18.343100902324533,68.68799039388017,5.687202177729273,13.594911645524173,-6.1930477549955905,9.668283661908909,7.279565453158456,0.19815
Strike,Foul,True,True,Will Watkins,74.63727293751725,18.962634369500023,93.0,-39.84676430784424,-22.598851398544436,72.13767916076294,14.461486161484629,69.7418143026471,-11.436324168081759,15.493151246958472,-11.57568273386915,10.203312012369068,1.390585770162915,0.4685999999999999
Strike,Foul,True,True,Peter Parker,100.10788504325195,45.4548573797122,70.0,-28.325221990302637,-1.8374558932694034,72.8018590954581,-6.206075774902968,72.5357503383244,0.40029250226237095,9.739141385558156,-7.502681264970449,3.7669609500238352,4.93666425485353,0.2782
Strike,Foul,True,True,Liam Lowes,156.13915715989137,41.934190931957446,75.0,-14.143661423590569,-9.348476835767203,74.48753858959806,3.7868909176002514,74.37057986585891,1.752059568324842,11.710311125600002,-9.442480840810473,6.517999744391251,2.342353850594291,0.15995000000000004
Strike,Foul,True,True,Ivy Isles,61.088625825855445,67.71601773300435,55.0,-24.789242350253264,3.6672863841668013,84.64585061558793,-1.9296420973013269,83.6689448853505,12.676914829126682,21.868600722304553,-20.618160914953933,-3.808658594060485,-6.214600369334662,0.0011000000000000003
HitIntoPlay,,True,True,David Dunkins,-0.11228620744030625,7.724089932660472,107.0,-10.974571600326914,-6.8297372835773755,73.27241308285335,5.565464238913315,73.0434813632612,1.5880671033020826,12.450297879516603,-12.051763399554156,2.3437046454031294,2.066873190347741,0.67085
HitIntoPlay,,True,True,Ernest Engels,-0.2226571564135338,7.370545098181788,101.0,-18.19633972934549,0.6170982908165462,68.25485724176629,-2.7541468669829934,68.19926739993664,0.011757590002439021,11.475303660970624,-9.203830873690467,6.732453100861177,1.2830302430935523,0.6126
Strike,Foul,True,True,Liam Lowes,53.87750303464283,67.1520989602528,71.0,-8.444572491893215,-11.653972511417354,68.23662841411517,7.511561645285781,67.77613719491642,2.491811772780838,13.896794860892335,-10.87382299380889,8.581834291953834,1.1104058224279532,0.002300000000000001
HitIntoPlay,,True,True,Frankie Fisher,17.838635098368496,-9.053985751290371,107.0,-46.10558979744894,-14.703018328513044,56.445818239017576,0.6111978752435252,55.80500506494213,-8.45921057376456,14.761644085897023,-8.316543498398586,11.86315220895178,2.8296395574675812,0.31875
Strike,Foul,True,True,Liam Lowes,120.59330126755587,51.75199074719503,57.0,-22.29194505070896,-5.417644711272326,76.894912632482,-6.8118232866002595,76.56621789371,-2.0102063879346015,12.041649168009192,-9.76718476594726,6.901274269267891,1.4056421641389252,0.03575
HitIntoPlay,,True,True,Quinn Quest,-12.98580096965396,28.688240692933206,105.0,-14.263405930508549,12.284489616316767,72.08828038810016,-14.015596648268806,69.58913588666196,12.555293164800137,10.915856992409614,-9.90750102817587,4.254375136658159,-1.702248352038208,0.9053500000000001
HitIntoPlay,,True,True,David Dunkins,-4.836557293924182,-8.228676163412171,99.0,-21.858897200642105,-4.444940054803597,63.70185887611362,-1.5437113423366893,63.11062277106513,-8.52015686546626,9.912088952731894,-6.29096203062642,6.010181957183142,4.748791106969918,0.25949999999999995
Strike,Foul,True,True,Harry Hitterson,-107.2208262135978,-20.91020572815378,48.0,-22.31211088087149,17.345662622476375,81.62499790502562,-24.51291466031313,76.46462897680013,14.66007548725245,9.225530009962807,-6.433841719190896,-6.354828610675269,1.8254418714563612,0.14615000000000003
HitIntoPlay,,True,True,Frankie Fisher,-18.1105869491931,-35.81676691721307,89.0,-37.13177152652825,6.74699089047936,61.28323354027576,15.43235347079567,55.657999314815974,20.485709452600002,16.394956263226288,-9.487717764341475,12.17584003820216,-5.5250992625848125,0.05150000000000001
HitIntoPlay,,True,True,Quinn Quest,0.8480476178816492,14.568074542951818,102.0,-17.138976590554407,-1.823501471468358,75.50419819883912,-0.0478946053571829,75.46348301992447,2.478786448633627,14.464965452024279,-14.015678810604031,2.3859603314169076,-2.665176598866585,0.73325
HitIntoPlay,,True,True,Vivian Valley,-10.56068471669763,23.488420415222805,113.0,-9.961442830634185,7.22029070869486,76.72132341414213,-5.835971787272338,73.4087507593916,21.523434011817894,11.005078310642636,-8.557845356347334,6.304579995141155,2.850842430771528,0.9934499999999999
HitIntoPlay,,True,True,Harry Hitterson,5.157339390758061,-38.24532492832842,63.0,-9.662357477170696,39.9204572060213,74.80330831793661,-38.305482902192956,54.23236870392637,34.453956227108016,10.310340589982243,-10.146363001983696,1.4213838383251625,1.155036318718948,0.10905000000000001
HitIntoPlay,,True,True,Xavier Xi,37.02681928200945,-44.41941478527529,73.0,-32.77481359289796,0.35565930312840616,70.17170903084529,-14.25940483263051,68.4763894031237,5.632247902972329,7.344652897570463,4.611430400639492,5.44205729484451,-1.7500423553382247,0.13475
HitIntoPlay,,True,True,Umberto Umbridge,-27.593581623597434,9.22208122528584,96.0,-6.133583463426248,20.6375996630161,71.1814145648934,-26.10569106222817,64.97406659519481,12.79286299879386,40.23206339968443,-5.199102181297893,23.256421427711352,32.41492132153554,0.64955
HitIntoPlay,,True,True,Ryan Reeve,-43.02897725634916,44.09799528807388,57.0,-14.55631765266015,21.9335248499664,84.00589421000986,-31.22009615072026,77.55461946485853,8.220514462254537,8.37939521162399,-6.460826900466741,-4.8397679063332575,2.2469148821481766,0.16224999999999998
HitIntoPlay,,True,True,Harry Hitterson,-42.53009895160732,-12.08345988444077,92.0,-14.186011750119693,21.55515195247768,72.08021316619168,-15.174211037127135,67.27916560410843,20.947895481391807,5.353763805828939,-4.470499911036405,-1.2592546111828256,2.663023705910681,0.14615
Strike,Foul,True,True,Liam Lowes,176.04034637042093,14.85121385564121,79.0,-9.24641110259204,7.218764340839933,82.11210682081992,-15.072304576661411,78.91878199356792,16.942537293858692,9.10695119726038,-8.707181950616976,-2.4851211864910145,-0.9724789337490591,0.79145
HitIntoPlay,,True,True,James Jacobson,23.52982854482063,21.25544122987206,104.0,-29.703743776391864,19.12195882479489,70.08194060728876,18.877458663619233,64.01639814779757,21.378042985024504,13.803637413490694,10.878600910792091,1.3816278550299312,8.383767204368151,0.7071999999999999
HitIntoPlay,,True,True,Ivy Isles,-5.787394586506965,2.180144349402498,95.0,-28.01575430346008,2.42178315008865,70.00983425596219,1.0044500007014334,68.7399639237725,13.235759611818402,14.83138294801182,-12.91224087226266,7.21190699897977,-1.1101140686037894,0.44864999999999994
HitIntoPlay,,True,True,Will Watkins,23.37104764688094,22.146544058762995,86.0,-29.475639080436824,-7.72588036553271,75.13900432872579,-0.49410723473104295,75.03877624996926,3.848101929511387,17.95086982783903,-15.048190625915797,8.132189181717871,5.445473861370779,0.30250000000000005
Strike,Foul,True,True,Harry Hitterson,-36.1664124492456,28.543503594809167,99.0,-17.010125494171874,29.019265953627723,57.358012548705084,-31.84286074474201,45.39698049013477,14.665878272599342,13.465711906930355,-12.650473103132269,2.335374692180868,3.979566870212645,0.5237
HitIntoPlay,,True,True,Will Watkins,68.65929045320291,-46.617983434203964,48.0,-13.902872058534879,32.29705058883912,74.39516768274223,-23.628039912411204,61.45744868604628,34.63146987124321,9.969376374077278,-8.718175151443125,4.505191379197515,1.7564560778949903,0.21755
Strike,Foul,True,True,James Jacobson,163.3421153286728,18.64051948407138,75.0,-24.30643890473654,12.213234578261224,76.7679596949341,-18.25809546608829,72.60793951605235,16.971997669912557,9.673344281077874,-6.996288466096424,6.267146526647386,2.3126633332501676,0.9290999999999998
HitIntoPlay,,True,True,David Dunkins,-1.3941356514814647,-19.502661730618765,106.0,-24.667345964559303,-12.246975941953538,69.36200687668247,3.0473360196226063,68.5893348035145,-9.864324221955117,13.798636133893025,-11.303241186689823,6.895471120347977,3.8847877496131145,0.18894999999999998
HitIntoPlay,,True,True,Ryan Reeve,-14.740892965682372,-24.541115205568342,101.0,-23.614078874369717,-5.617309747304371,70.55745933838948,-9.293307535914728,69.39175785326623,8.762045729454956,17.507300654653665,-14.862823878826543,1.918485429660755,9.051047244136976,0.11910000000000003
HitIntoPlay,,True,True,James Jacobson,1.822119262560556,51.69827129686404,95.0,-22.36802744015055,19.456446931960954,59.64016060875223,-15.996695103107413,56.16086156877048,12.124855919530754,8.752308951676726,-5.63711740945142,5.827705110415801,3.2960085624424287,0.009300000000000003
Strike,Foul,True,True,Frankie Fisher,97.25455882551168,46.60370749989872,73.0,-30.939058869117137,-9.061813219014553,73.95109367750518,0.6729034339634031,73.94794029286047,-0.11654832152562959,11.075136537478297,-6.760953183143805,7.673735275242707,4.2499350941655765,0.18645
HitIntoPlay,,True,True,Yuri Yi,-31.60630636964518,-23.42307471672057,97.0,-27.278237844229015,0.07621635532799535,64.72924479880658,-8.942842481579367,63.28948181066353,10.21480262712782,18.37718852254186,-15.539844357812717,9.123306380444767,3.6054924790569673,0.1065
Strike,Foul,True,True,Yuri Yi,163.6281356570384,32.4195419318491,70.0,-12.529525783347223,12.269651057494038,88.92993703647039,-39.65013331337343,77.04314117662085,20.01886678065402,25.287195118336374,-3.3992076285565633,-21.64115853380115,12.63122645532347,0.7705
HitIntoPlay,,True,True,Gabby Galway,-11.464767462556017,36.44369139973085,43.0,-12.263124437976305,2.499928886281582,78.85716093170642,-13.55496205633948,77.52021251253436,5.033039426803036,14.644773158570764,-13.61378157891593,-3.6138888129878324,4.009256743453254,0.12200000000000003
HitIntoPlay,,True,True,Will Watkins,39.5036739948105,4.516007535810633,106.0,-39.06294023718704,-24.376564066773337,70.44464905846016,33.40715025646819,61.881863558466826,-4.128662645780713,13.186114405190441,-2.7552992276782913,12.794407517639325,-1.6078170123806321,0.5963999999999998
Strike,Foul,True,True,Ernest Engels,-65.08023913989362,-37.280199635374096,74.0,-11.704490150140563,20.640224206739838,65.25085078683964,-20.06883987409659,59.947592891836,16.161723329799145,9.431328369932544,-8.796382620979246,3.076455826283246,-1.452248999227274,0.0779
HitIntoPlay,,True,True,Olivia Olsen,-3.51667453625977,15.05267685437535,90.0,-29.698313955390535,-4.088651110940779,69.18183632642055,4.420927924144138,69.03304259321625,1.0103979950273874,10.339490597370434,9.628125621843783,3.76333015472277,0.2039827680496025,0.9613000000000002
Strike,Foul,True,True,Olivia Olsen,-109.67943446109085,59.29230650789608,78.0,-23.305493397269913,-8.188152308537825,79.95025618979034,-10.26220050284919,79.27822246825309,-1.3015943786759576,8.264850750912801,5.581022407319299,5.365225142540276,2.8938393171904813,0.029300000000000003
Strike,Foul,True,True,Quinn Quest,163.74914173871528,46.28702448313738,68.0,-11.889324904083086,8.288367218810023,89.2918630171638,-10.302569049428298,87.74144868459862,12.97428436506831,9.772102697275562,-9.133141408976421,0.6297819640880746,-3.4180540966242567,0.26969999999999994
Strike,Foul,True,True,Umberto Umbridge,128.54598600885328,46.860622276549165,71.0,-20.248998671746282,-18.795984983730587,54.50622264422223,8.353625351555799,53.85684245977005,0.7653565776014286,12.955822932960032,-11.205786563718192,4.2472099834328265,4.923911322844313,0.22820000000000001
HitIntoPlay,,True,True,Olivia Olsen,-9.583879756799162,8.18451083596646,98.0,-32.979799502046454,-9.327587969874125,70.31170010734314,-6.610252939253819,69.91749340602031,-3.4035046471469093,12.171823567176306,4.734877057181733,10.749562305922764,-3.19078962561418,0.6466500000000001
Strike,Foul,True,True,Ernest Engels,-71.5502800046725,-39.247534543427705,86.0,-15.992629908275461,13.034548239420872,79.54918851566663,-13.2108635263772,77.4053759533267,12.72612477986361,9.282666147074764,-7.610033282357949,-4.029338284838603,-3.4669463834599554,0.05985
HitIntoPlay,,True,True,Will Watkins,19.917633247757905,24.92796051588091,89.0,-26.385882735605108,-6.0956180368698,61.932592623582565,9.21105901347543,60.77579485942224,7.556796949391401,10.391857884282187,-9.57943288468903,3.9259498841171294,0.9011622507944668,0.1119
Strike,Foul,True,True,Ernest Engels,-44.813610232752,-1.884003541101039,100.0,-18.7868864020612,23.382059369878686,73.85665719580784,-24.223531634848758,69.56137655062771,5.407515109210221,6.732299373044181,-5.947628121031398,2.898314670881543,-1.2447275407736411,0.36375
Strike,Foul,True,True,Quinn Quest,-132.62174090669996,33.69551677053154,15.0,-14.953637768766374,25.023258028495817,84.11460011561213,-17.824556784181198,77.61131481604376,27.093079200817712,10.79714393616837,-5.769508375204289,7.702217370430298,-4.895603932654963,0.2065
Strike,Foul,True,True,Quinn Quest,44.64750171153974,56.26282158615108,66.0,-18.486048180960406,4.763138345413882,73.93034855536973,-3.7244019388980574,73.8343924958082,0.5547544420135712,16.758357982710535,-5.509031312554371,15.821075012260053,-0.43211309910010964,0.0189
Strike,Foul,True,True,Liam Lowes,171.43883363277817,15.863683495947788,76.0,-15.749865932022537,0.7670488374612492,80.85952422738589,-7.250809694026424,80.24121100437888,6.858314195993354,11.826472858481017,-11.747716247096585,-0.13008981153696664,1.3563553704782982,0.7766000000000001
Strike,Foul,True,True,Umberto Umbridge,-71.29496846863914,-44.42705368401244,66.0,-27.183404131141533,10.854292224481966,71.6282856534149,-12.923607096179232,69.04524647789324,14.01233828016439,11.851782273521298,-11.603605642187098,-0.16303240147622558,-2.407176685585483,0.17525
Strike,Foul,True,True,Liam Lowes,121.53165007139893,8.38072633335572,33.0,-15.15184507457477,18.126517618367664,15.279735370036768,-4.352561855354099,-1.328294075803192,-14.586334464897453,3.8238291202231722,3.2099838820817417,1.9386352801167126,-0.7479076601619657,0.22125000000000003
Strike,Foul,True,True,Peter Parker,-92.33979855384541,-52.83215361827021,60.0,-13.785396297304871,19.718973884303647,66.78675170586735,-3.992276001335695,60.82981094080352,27.28123964662227,7.0349162972000885,-1.0335076320942873,5.506580539460148,-4.2543483690752275,0.26680000000000004
Strike,Foul,True,True,Liam Lowes,-168.35870911956607,-40.63588873013722,55.0,-9.350609116250018,7.732309151647948,71.0699826116163,-8.426327222140964,70.22384819770824,6.96782478726883,11.924466204863753,-9.7919841255759,4.718386189961258,-4.90375090290996,0.1345
HitIntoPlay,,True,True,Liam Lowes,0.9621663385658803,52.50514323809449,89.0,-8.298489977834546,4.801179960408103,60.12269594344375,-9.520127852816522,58.77022835728414,8.376514311244893,13.349071919492692,-11.608515748206894,6.49542834461858,-1.1178076110612047,0.012950000000000003
HitIntoPlay,,True,True,Harry Hitterson,23.99232297410506,10.989716109978957,95.0,-28.367642923521196,-15.004924955505386,71.14137774642809,14.800552310770625,68.65583741802169,-11.33204603707067,10.840217987522387,-6.754205578591572,8.222404353081421,-2.069565092852621,0.7927500000000001
HitIntoPlay,,True,True,Xavier Xi,12.247431472526344,35.01242787528982,87.0,-16.40645097131584,-0.9602557842028214,64.14959287879819,-8.541752406618631,63.534676059374014,2.356622661773667,11.919527031347439,-11.026545751771796,3.2920069096719136,3.106944470340281,0.017750000000000005
HitIntoPlay,,True,True,James Jacobson,-38.49419571825655,8.339552014771366,89.0,-19.148890161133696,23.43826999726742,56.64752687792438,-13.96451338099342,49.486155381328174,23.7708875095623,13.957282295249552,-10.325741199844625,8.602189752831535,3.7665805712075295,0.5404000000000001
HitIntoPlay,,True,True,Xavier Xi,17.027253260536536,-4.525124548956398,97.0,-28.80881871966934,-17.096843371428943,72.83462267346515,3.102725350917519,71.53001043713616,-13.368356751897739,16.658423498499012,-14.701381394407845,4.816406867498048,6.178566454948952,0.26345
Strike,Foul,True,True,Quinn Quest,132.44668319995162,26.567370118606128,77.0,-27.849772538999122,-28.702852919559056,81.96532337376712,20.742285134234525,78.29155245015382,-12.589863308278717,17.694690697089406,-14.709094069217278,9.302650960031496,3.1945759725516916,0.5014500000000001
Strike,Foul,True,True,Quinn Quest,-65.71937550915271,-41.88708970146982,65.0,-7.454280191584267,25.63186419111424,77.17504470197963,-20.759528296089044,67.22689822918763,31.71078151290005,9.877045604758596,-5.528684950542898,7.695957242596671,-2.7860213057773673,0.14825
HitIntoPlay,,True,True,Umberto Umbridge,-3.2448994863292198,37.15626767966037,92.0,-28.17831398354899,12.092661348211362,67.34410992605605,-30.0642937918406,58.40223363572198,14.850807617404516,23.319604213826683,-19.870700225378034,-2.264408130652866,11.992984159937746,0.03400000000000001
HitIntoPlay,,True,True,Frankie Fisher,-10.079333920538112,10.644391662420958,107.0,-21.911502621789523,6.359693303527902,69.73973815810722,-1.9586292241914203,68.25836622557361,14.162990155294569,10.040079109149225,-6.733976276182628,5.8802829178208915,4.569357157868933,0.90665
Strike,Foul,True,True,Xavier Xi,-77.47403294573962,59.68452367631026,77.0,-26.95334629612043,-4.532904332746399,66.42733858605094,0.42879634224582436,66.39769847426356,1.9372874447295563,7.522254014232432,3.991788176351623,4.059853824835047,4.916047144886587,0.029800000000000004
Strike,Foul,True,True,Zoey Zoolander,-144.63468601266078,-34.19747639570534,54.0,-16.798676013670363,-0.39781324437924465,82.39007445957071,-5.077637738754454,81.54793281463371,10.596066161909793,13.666350291278546,-13.582952856326703,0.013906676002522293,1.5074244893519697,0.12009999999999998
Strike,Foul,True,True,Ernest Engels,84.01612112213,44.09871239257889,76.0,-18.453422938509554,-20.9859842926979,61.45151511687979,8.527286448583874,60.09139574085059,-9.62279865217946,12.331094415660369,-7.90076237878308,9.146311913037692,2.445162921230618,0.10925
Strike,Foul,True,True,Umberto Umbridge,51.38665515116078,3.760452250490612,55.0,-32.26825224351668,-27.66331155242723,59.86279420811282,15.5977770274535,56.265944325112315,-13.20632391727804,15.171758357995975,-14.35643777361194,0.5162150653854688,4.879392188797498,0.11125000000000003
Strike,Foul,True,True,David Dunkins,55.28640881468709,58.6804526087011,76.0,-18.222659924069944,1.2717515449371415,76.14242779486042,-17.788764465447194,73.77171197250325,-6.242089548732499,15.670926348855089,-12.112547603555665,9.755307179753192,1.9230457642745744,0.03880000000000001
HitIntoPlay,,True,True,Gabby Galway,-15.335698574319009,80.50126564866065,78.0,-11.802723002219182,26.871834241636208,77.3825581329596,-41.53000004559421,65.03462218661568,5.815265811463186,8.484674020020956,-7.062644113688392,4.248222968266839,2.015279871703027,0.0039
HitIntoPlay,,True,True,Clara Clapham,-0.23219476123086452,6.3095081628533185,91.0,-33.24391246609477,3.4608799419106493,65.57131562802817,3.502005593895031,65.46446725290517,-1.317921584969,8.150055976733059,6.804769583595874,4.339706003263438,-1.1337879622266127,0.49470000000000003
HitIntoPlay,,True,True,Arthur Bills,-36.670694840458324,2.3153050343044446,89.0,-14.770406162274803,16.945806935032525,72.07434065040484,-16.277128783991326,67.40432915728144,19.65762115813658,11.393499757257764,-10.845588405750597,-2.436880075309807,-2.499332781011573,0.3456
HitIntoPlay,,True,True,Ryan Reeve,27.73311129110315,-4.422064489447696,58.0,-18.418858159270723,24.79539751950963,64.12906329722466,-27.928065397180575,57.661932500081946,2.7679347727585335,8.519677621569322,-5.614572843309063,5.566764826252359,3.1737372184610733,0.08855000000000002
Strike,Foul,True,True,Umberto Umbridge,-70.80482629523796,-77.3033708819874,65.0,-21.12118237913879,15.233778612857897,70.45475384964416,-3.74081480803691,66.9284393125114,21.690151123894914,7.3853130204106705,-3.1487368459384255,6.043156017398801,-2.8475550975975468,0.20534999999999998
HitIntoPlay,,True,True,Mia Martinez,8.044616185657032,19.753784056299057,100.0,-14.6241797143189,-6.224309177100643,66.84559384097419,2.79455914220711,66.1875468639584,8.92930542004822,12.93965188534114,-8.475419953659513,9.673830756827881,1.4208610105051223,0.4004
HitIntoPlay,,True,True,Yuri Yi,-20.03980978482447,1.4165295383632968,95.0,-17.624260620915248,11.309943437163497,69.68328452615077,-13.495518820086758,68.09802329335427,6.024146218921448,11.375548408895762,-10.99388808637731,0.08713735690142943,2.9206049764345323,0.4107
Strike,Foul,True,True,Clara Clapham,141.56805334350273,34.26179245802511,19.0,-33.24178101328942,11.043430692177793,98.00466372810067,38.958618551239795,87.17233163025998,22.09354546425407,38.292580298776066,34.348478797106544,14.459906684220455,-8.798568573726744,0.2065
HitIntoPlay,,True,True,Chris Dane,-8.90028575082364,54.01262961956017,69.0,-11.524850758540241,1.889044964680249,73.62199641449115,-9.655435363204264,71.68622175865231,13.713370627663242,12.453663272145903,-11.014120019490834,-5.786854301289761,-0.5433289867945776,0.06855
Strike,Foul,True,True,Evan French,-50.10616942777521,48.18320674786024,71.0,-19.910140362363567,-14.099965296154028,70.37252304908249,-26.07723941028485,65.08928121127543,-5.971185513098648,16.864791064603242,-8.489935558735322,12.922982902459074,-6.733400683458051,0.19229999999999997
HitIntoPlay,,True,True,Evan French,10.928108548632737,-77.2369519904404,52.0,-27.519341812330936,10.435299125878764,57.07398640644403,1.7188222875623647,54.878697223571756,15.582495477627253,10.001852209731451,5.60635701936609,5.398052435070195,-6.282263804151115,0.14654999999999999
Strike,Foul,True,True,Ryan Reeve,-51.445846377588545,-23.037719946782456,105.0,-10.468592185753083,23.35434143992807,75.31442550296089,-28.449300385710586,66.85331851755522,19.837686346823833,6.991662731239629,-5.868150039164485,3.6761754855183106,0.9663832909013117,0.17645
Strike,Foul,True,True,Gus Howe,-166.525602294846,13.298414531215203,77.0,-33.84551280646898,-5.017433317096972,85.74343802774051,-10.216052934351868,84.63237051853531,9.215817254744904,13.691719753481632,8.641795446938934,10.173851044372588,3.0455403770207012,0.503
HitIntoPlay,,True,True,Will Watkins,-25.4275165317079,1.6804468625945341,94.0,-13.837332283035396,16.47162100258869,60.22552397962497,-13.130078489766804,54.40878331595918,22.235086587417356,11.295020105169291,-8.351450176864311,4.821206358974793,5.881048236812258,0.40759999999999996
HitIntoPlay,,True,True,Peter Parker,-23.709081897993684,-13.35681878658366,89.0,-26.06558162069244,-0.4578618447626816,72.07722152513938,3.369876273093245,71.74564148628923,6.027663262733903,11.979730882775668,-11.256807578445445,-1.9638769444851045,3.5974188680916948,0.1197
Strike,Foul,True,True,Zoey Zoolander,152.36315858412556,48.952238757353435,65.0,-14.203755152190487,-1.8922194510811643,79.55418349260928,-9.323499511654317,78.33077874638934,10.306772968108298,10.495294134640623,-8.496433526532433,2.4141383642698964,5.668664063074984,0.18245
HitIntoPlay,,True,True,Zoey Zoolander,-4.621628297814738,3.9937494607279755,81.0,-8.378693060504986,-4.316080845439915,75.40019203659395,5.172331988253796,74.9052525156223,6.902107397700606,10.069850586003275,-8.517157992511724,0.4349536922364427,5.354505191017566,0.27254999999999996
HitIntoPlay,,True,True,Ernest Engels,6.83455057481309,28.158941025652954,98.0,-12.967744096666122,-2.8029752063583953,71.66649523175792,-1.5988300097657735,71.54682094276714,3.81872942051014,11.175401182890058,-10.142334848904907,2.566241534911739,3.9289998467451475,0.4504
Strike,Foul,True,True,Clara Clapham,-62.86586530725737,-12.006031272474296,23.0,-6.953209989118746,-21.229110131506012,31.13211752949467,9.76031194544373,-10.587034290843938,-27.601807142330237,19.29250899320257,-13.563155594573042,8.335290710496528,10.89791917485693,0.28145000000000003
HitIntoPlay,,True,True,Evan French,0.14443303282838155,-21.926280585872565,75.0,-29.228123135329163,-7.642267364972842,44.7020354515103,-5.685406362102496,44.335847601863925,0.5298541593164582,14.892143808317726,5.616094904177952,13.472539173800403,-2.953999567585616,0.05215000000000001
Strike,Foul,True,True,Arthur Bills,159.7035924795506,35.61434231244474,74.0,-16.37153654545531,-11.350779305389839,82.97120109263467,6.932136265638492,81.49188955810685,13.97274610799023,11.447620580937642,-11.169643573730271,2.2212514996561072,1.1632373688154334,0.24944999999999995
Strike,Foul,True,True,Ernest Engels,168.01549081639175,30.35090227448324,66.0,-12.535860364857935,-11.600969810294018,84.59008582620113,9.795744227269456,84.00173051077346,-1.7986901660325243,14.98576466651693,-14.84985232617809,-0.13930840754788018,2.0088856857763084,0.9147500000000001
HitIntoPlay,,True,True,Gus Howe,29.598996737360434,3.593293212700231,97.0,-35.41823962452784,16.050200087466518,61.63254888261395,9.320945748953923,57.106983444346575,21.224596439037008,12.252109027682337,9.867173724369156,7.262948725033882,0.05132384302326139,0.518
Strike,Foul,True,True,Ryan Reeve,-170.50077930277848,-18.70566943806038,81.0,-26.82733328964858,0.657824461878745,85.30957883979733,-2.4142891968602744,85.10218854395127,-5.432582675605479,9.656970682647284,-8.422073908313038,-2.9804742889023728,-3.6664051687741472,0.05554999999999999
HitIntoPlay,,True,True,Chris Dane,5.246126365705262,25.966769911486907,75.0,-20.271963635464292,-6.055496601053714,70.5554094045001,-2.6353393160921756,70.11205375905008,7.444508084067771,11.611147752753562,-11.241424547085254,-0.08551826102697169,2.9054798081373883,0.7346999999999999
HitIntoPlay,,True,True,Ryan Reeve,-2.619097048622678,8.939574876482633,72.0,-17.79650168327349,-6.550079195926527,77.02048965493857,1.5344784411338173,76.92408343864653,-3.533636897636968,14.147308083119137,-9.013627773576747,-6.909083979706221,8.435958684077397,0.2591
Strike,Foul,True,True,Arthur Bills,109.32301117730418,78.72162170763225,72.0,-13.80465987531243,15.798925432595764,83.98439448077706,-16.055465643991198,80.10185882045444,19.475439732272537,8.423529369605422,-8.10403643967078,1.5898032483677176,-1.6592064538726627,0.0016000000000000003
Strike,Foul,True,True,Chris Dane,-140.83229782149022,-42.1660854685082,55.0,-18.295774883990138,5.199495790328008,78.14451828882441,1.5272644312370451,75.63695012467308,19.577665279271894,11.195481032142746,-10.956957082922669,-0.29196713156195747,-2.2800531173957834,0.14975
Strike,Foul,True,True,Will Watkins,45.22359700203259,27.157804022637094,80.0,-28.666190105262782,-11.269740896719716,59.30486144791761,10.689608493339897,58.121702159797366,4.9665480631547085,15.333135252023753,-12.539678039753369,8.624444800526765,-1.8655999568094666,0.19499999999999998
HitIntoPlay,,True,True,Ernest Engels,-21.8896424375646,-45.27524083523718,78.0,-12.919650220216365,-0.8631538530337401,60.898357098166265,1.4191202947233905,60.87847636471234,-0.6380520010495674,8.883398317975551,-7.912427545439344,2.524975541727516,3.151627282478278,0.11475000000000002
Strike,Foul,True,True,Clara Clapham,-102.89984231893642,-24.534386380905143,49.0,-37.5731917304398,25.910853334177915,77.8187262271592,35.60618899463397,67.44844945950837,15.448628495892708,8.272167100096967,5.796879274825622,5.898877309494862,-0.16788595102179882,0.147
Strike,Foul,True,True,Chris Dane,166.35722718609895,52.23266234925613,68.0,-12.082778817203572,5.017011034371194,79.47479444217993,-11.561382546641685,78.11326933580955,8.99413914214357,12.332447651529648,-10.540985076430331,-6.334270117532278,-0.9240783377667796,0.13135
HitIntoPlay,,True,True,Gabby Galway,-25.491933061762122,-3.9490835197484477,105.0,-13.856627839698074,12.513124983412135,63.068304318341205,-18.251586071632993,59.94970564104859,7.107982063307087,11.167666908432778,-9.253529662767589,6.154204086340881,1.1021547176554074,0.36905
HitIntoPlay,,True,True,David Dunkins,-12.420676997653171,33.45093249476802,103.0,-13.063190645666474,14.109544602068288,71.8796281303217,-28.52492333221871,65.62148641837202,6.843260135914612,14.485742540512437,-11.363490029370706,-6.316231341648749,6.388509445964553,0.6246500000000001
HitIntoPlay,,True,True,Bob Batterson,1.4632270743699516,-2.5574051151586694,84.0,-25.174972254603176,-6.176818826358521,62.585969623173014,12.024900762668823,61.22728579276732,4.860538012555329,27.660205252941232,19.374501829308723,16.71150924145804,10.509095697233569,0.16704999999999998
Strike,Foul,True,True,Clara Clapham,53.685723633321906,48.55604804771766,20.0,-27.151635243671038,12.377607700144573,66.79992523529816,21.816495691730076,63.08982248733014,2.438201322967478,11.806003131101338,11.31829914790296,-1.1472110784605554,3.1562194270378483,0.16879999999999998
Strike,Foul,True,True,Arthur Bills,-92.08576313206358,-24.555913770753172,87.0,-13.4968203004227,32.9700194783767,72.22464156320326,-25.87591984455925,60.80096700682827,29.156097684115977,7.67911682981449,-7.560533379322276,1.3118962706883197,0.2934254267235675,0.08904999999999999
HitIntoPlay,,True,True,Bob Batterson,13.84090785299632,-31.03388630757241,105.0,-38.5556420998126,-0.659990259692081,61.38256872347213,-3.01221813846209,61.11337692720069,4.888910464714348,25.08812629123501,11.53955171810653,-22.17137937202351,-2.1639694295235303,0.11939999999999999
Strike,Foul,True,True,Arthur Bills,-147.94050012060592,-30.070179051891525,104.0,-10.007676167650672,40.93652486184633,76.1547219253699,-32.86007282403405,55.13985006004366,40.97992460809923,11.434118465453373,-10.946208783829697,3.277387549371879,-0.42226673330206416,0.12200000000000003
Strike,Foul,True,True,Ernest Engels,29.9209074774929,49.73947474113042,80.0,-16.417194886160264,0.8807611939786884,65.31614993059351,-2.982603776270327,65.24256354535247,-0.8434562823251716,11.888765910576009,-7.8740861758685154,8.857539641253169,0.9410171492056927,0.04475
Strike,Foul,True,True,Umberto Umbridge,136.41326256137714,45.88496565299078,69.0,-25.07575600700224,-7.582521177302555,80.0623766584448,1.3097929373450743,80.04696129689286,-0.8675170279047387,11.576259590521545,-11.079783511936983,2.055191479771259,2.650353074069011,0.27379999999999993
Strike,Foul,True,True,Clara Clapham,-65.31341380750018,-16.10627250082845,76.0,-13.090112305619638,-35.46924732145625,55.32415155263461,-29.812299513131677,45.29863057312135,-10.955483145808179,9.432326792940934,2.642544945598202,8.836330481130107,-1.9761094523269134,0.055400000000000005
HitIntoPlay,,True,True,Arthur Bills,-44.67638719934594,0.01776364759484959,86.0,-13.745271518718011,26.16700518538752,62.61326477456905,-20.357495760969975,53.87352133834515,24.56902502500351,11.028180508099474,-10.298870877663663,2.809250851825411,-2.7680559271724774,0.24874999999999997
HitIntoPlay,,True,True,Gus Howe,14.222343040748948,-4.04767853387663,79.0,-36.96890391564662,4.367886902762122,66.78870709365951,-0.9619528928381146,65.34599098227406,13.77343473572088,18.612632660082575,7.675341236426752,16.9479980133635,0.5334742567420634,0.1189
Strike,Foul,True,True,Peter Parker,7.487925306583174,85.55561523498748,83.0,-10.170421824100607,20.238519822574407,70.90963069413507,-26.556140128925374,63.8444350286758,15.710991773299908,8.83761832430419,-8.203500263561127,0.9547252819355628,3.1455652445725497,0.0027500000000000003
HitIntoPlay,,True,True,Arthur Bills,-38.53644777115238,-36.93149009719769,64.0,-12.773612406626404,21.712721663164505,68.15526636918551,-19.88510975117088,59.04795752286384,27.623567047298323,13.725179911710256,-12.998430664019143,4.3181401426259045,0.8803576489952046,0.09195
HitIntoPlay,,True,True,Peter Parker,-71.50828038553718,-46.932727519566384,87.0,-23.41167627966854,-0.19648978236786235,74.2168134824868,2.558807184994908,70.65298525077502,22.57750173154727,11.527612135640846,-11.24836068247132,1.7230862412699361,-1.8415203805425762,0.1119
Strike,Foul,True,True,Bob Batterson,160.6632474276856,-17.767840816334743,75.0,-34.85858921282612,15.252202636031292,80.95237850496234,15.891891125407147,78.22042421730497,13.5018745859138,11.507453837764935,9.499486123528845,5.767551830325798,-2.986068167620988,0.05650000000000001
Strike,Foul,True,True,Evan French,-142.75384752614963,32.180699551412545,62.0,-21.11426688374521,-29.11491084001388,65.93184370782576,-16.250044999038238,62.86531887709807,-11.440967385810213,15.310398990356294,13.418734311062519,2.257353931685828,7.017851520238875,0.5742999999999999
Strike,Foul,True,True,Bob Batterson,-150.50157846770068,44.49307063641773,68.0,-26.818734612441315,-5.4501888157175795,80.2642323560586,5.64173718242245,79.8981438152948,5.1772977645007625,10.39836406978912,10.237607468358902,1.592039262140715,0.8847483481113605,0.339
Strike,Foul,True,True,Arthur Bills,109.56350655442485,35.05770987943488,63.0,-26.22433318007442,-19.775078743171107,75.036076005849,13.107454013453777,73.60582441444024,-6.386702115437629,16.437732058911966,-14.180833011395304,7.856607777798311,2.7160126231927753,0.5859500000000001
HitIntoPlay,,True,True,Will Watkins,44.93704396671415,82.15338374703951,67.0,-14.121134318843433,6.15903365672361,77.13314509677684,-17.122117289902665,71.90003651833187,22.062183044607984,11.312254786082564,-9.613186797449371,-4.836685107594724,3.4871514324107533,0.0034500000000000004
HitIntoPlay,,True,True,Arthur Bills,-13.68284810393663,1.7621989033681478,98.0,-19.182363159206442,3.771352957499315,76.14970379363523,2.3262543768248016,75.28564864285181,11.19986771608267,10.974715365675939,-8.951153042798005,6.338010117586687,0.38841255306743544,0.44889999999999997
HitIntoPlay,,True,True,Gus Howe,39.545814398864685,-2.385874293707261,72.0,-35.32715218685381,21.319639417972507,72.79055483933048,12.861779505852155,66.7975703647548,25.90606290284286,15.144086873742742,11.613614809561096,9.690823049216444,0.7451623469994346,0.0861
Strike,Foul,True,True,Olivia Olsen,-139.1739964813804,81.97873583924407,83.0,-19.478833985252802,-2.0084238475550977,120.72468433342955,71.5137330188407,91.23942584878739,33.69870276286335,68.47337650384034,65.10878125260047,-3.298465482599778,20.942063391600012,0.007450000000000001
HitIntoPlay,,True,True,David Dunkins,-18.07464730920544,54.2285992279171,96.0,-11.624306662415755,20.21742615348616,77.3503481827293,-30.226903613535395,70.70168313260679,8.407298266622915,11.584106700347245,-10.764284875084126,3.1523324202691136,2.8956000216164735,0.009500000000000003
HitIntoPlay,,True,True,Will Watkins,13.598536226741277,14.225455632491922,83.0,-39.12761623740732,11.012613958921726,49.56520718955378,11.474594810573056,43.26771295911254,21.28258567384163,26.64893069315385,-14.652489701346033,20.315194500605198,-9.097413096207417,0.83855
Strike,Foul,True,True,Zoey Zoolander,-84.60558900931163,-44.320715064754026,72.0,-16.010369386183157,13.03227042563106,76.43259443838083,-12.521700531905246,70.4322774681752,26.91547508436863,7.436744596771498,-7.015013671603687,1.3042488329381376,-2.0961126798440324,0.14
HitIntoPlay,,True,True,Ryan Reeve,-23.549549589586157,-16.80795799275801,96.0,-18.45872468741529,0.015152223829716866,81.122955861606,-0.6338801103749174,81.10261895209823,1.702164163794218,9.278219139627062,-7.657636643232316,2.9618310343267344,4.321285499393282,0.1424
Strike,Foul,True,True,Zoey Zoolander,64.98654122606035,13.006015448721236,60.0,-32.06107551931448,-26.060124532456634,89.38814087127804,28.118557111717955,75.65905276650729,-38.409558821384145,12.994083406940124,2.2503546264791563,8.763099058670099,-9.326853838756977,0.20335
Strike,Foul,True,True,Nolan Nash,132.38649657654275,38.82835548845745,65.0,-24.140495159300137,-17.069999812860775,70.54443035609246,6.067566182556158,69.45844207810417,-10.73434296864643,14.372659201351478,-8.879503563677401,11.301025241607922,-0.1207371913464894,0.48790000000000006
Strike,Foul,True,True,Clara Clapham,-62.67438985687764,34.636373684387586,73.0,-23.279122625461035,-16.52746383867447,73.22447420462498,-8.979655765571819,71.90516762701459,-10.527880765213627,10.003440009064017,8.901540843139623,1.9677836706402303,4.1181561478920985,0.36025000000000007
HitIntoPlay,,True,True,Peter Parker,-6.795461517604842,25.589454737633172,90.0,-18.089113239822808,6.14824701810235,64.98369780912185,-17.244995369498366,61.150590249032106,13.641716455352224,16.853221981783236,-14.820707924747493,-3.6580569465165333,7.141171273161754,0.10735000000000001
HitIntoPlay,,True,True,Olivia Olsen,-25.460727705576044,10.168201154767077,96.0,-27.357642886282747,-13.734033756527353,67.23353049364857,-15.65782257586598,65.07613588338407,-6.3463968762130465,20.724327145003784,0.9951426906764286,20.700419695110792,0.007147349379103962,0.7504499999999998
HitIntoPlay,,True,True,Mia Martinez,-33.49518169630553,7.881520217526981,99.0,-12.594825956363566,22.799906754758112,58.735894315173034,-13.359232949435953,52.35443661872191,23.031481549003978,7.97575124025965,-4.8175047016627435,4.699394010792167,4.280181331122716,0.6316500000000002
Strike,Foul,True,True,Bob Batterson,69.57404556470352,-28.371281885672325,90.0,-28.61003329085035,29.173593807773578,65.47517248029827,19.953540197613677,57.22433450982201,24.783663668130604,16.645679552018404,12.253889666713578,6.1725048768395965,-9.424490401601842,0.06974999999999999
HitIntoPlay,,True,True,Ernest Engels,7.399266711643766,-24.922971431796842,106.0,-18.827212571374883,-17.401132503130412,65.39147153288617,13.27813834216301,63.50527516195982,-8.174082089532272,13.85559473224076,-13.47534501446256,2.747978652752852,1.6855846016476068,0.15555000000000002
Strike,Foul,True,True,Bob Batterson,-136.8556717256374,54.84344934008094,51.0,-29.741131503092564,-2.974818278055839,77.72777915587298,6.405430928015968,77.11107472808467,7.379719602418518,13.961707073295013,11.830107241392803,-6.807778323607939,2.9380233753759377,0.01705
HitIntoPlay,,True,True,Yuri Yi,-37.71998831109075,-31.27717597999304,44.0,-20.932458328029327,-3.99196320359633,75.91768950829076,-6.6056139593171075,75.19339120593142,-8.11266685187249,19.69288073578757,-6.4428801388635195,-16.47086308038255,8.66080346027331,0.23835
Strike,Foul,True,True,Ernest Engels,149.0991933414283,47.447203241875236,68.0,-14.300706955861619,-10.312708034080199,82.0048556691897,10.791023855682838,81.24814531650357,-2.662525135850635,10.381193279272944,-8.819925391056879,4.051640505931912,3.682702704333284,0.23049999999999998
Strike,Foul,True,True,Ernest Engels,30.21570657193169,57.484316153746306,85.0,-17.311427126557255,4.962467028080454,68.85786463558509,-29.378389238948767,62.20630634231436,2.9480873704010726,24.29314700287195,-23.46337382536298,3.200447954194933,5.420720701798562,0.025500000000000002
HitIntoPlay,,True,True,Chris Dane,-5.891044598386827,8.39748221371137,91.0,-22.095015009525014,2.749695225504464,58.938533399992586,-0.8965789896653968,58.08020127186831,9.981837790537282,10.231515913276628,-9.960107689515985,2.096826555676373,1.0409087819246143,0.5433000000000001
Strike,Foul,True,True,Ernest Engels,39.06764995011545,25.646727471088074,91.0,-20.35010970805035,-13.020817211229474,58.48181575706178,4.25516769962869,58.15059061042799,-4.530467277153759,14.247954532671748,-12.932197959867326,5.7911217677611,1.4917684012098948,0.12084999999999999
HitIntoPlay,,True,True,Nolan Nash,-7.685619499494549,1.2334929650456183,74.0,-19.765997615305412,14.99478111079024,66.44098229002985,-16.37378513726135,63.497360867188114,10.695253659682301,13.839781932763573,-9.646781178786638,8.306488548454631,5.4296799932822015,0.1247
HitIntoPlay,,True,True,Gabby Galway,-25.137620070394938,15.894336584745743,58.0,-13.786446324345347,9.462777902794022,80.92950964189897,-21.375817794826293,77.99002478511723,3.1962444364295233,10.712010928773289,-9.41901277854048,-3.5150426695180954,3.697817119236239,0.19705
HitIntoPlay,,True,True,Chris Dane,17.128533478973445,12.9631241437962,96.0,-28.718247327400228,-11.019883921427526,72.67977254020825,10.707962690214352,71.74530919483065,4.505494430085881,12.204436955307614,-8.33661923584787,8.913306098685263,-0.045116556933546055,0.9358999999999998
HitIntoPlay,,True,True,Yuri Yi,-4.518025741191929,25.228141881080205,84.0,-19.559375364797283,11.240450676704981,60.407326256930546,-13.027088943252659,58.68518317898418,5.948890184303855,12.2419296396705,-7.706388676849046,9.122742402538387,2.692951154570772,0.17275000000000001
HitIntoPlay,,True,True,Ryan Reeve,-7.592973141010005,49.825143814493714,70.0,-15.743843498025507,7.80592382361134,105.81006723242798,-67.47580940895614,78.56556329865154,21.684965665242242,56.92626814542703,-51.38476957232127,4.876321808185662,24.008893072932782,0.1683
HitIntoPlay,,True,True,Mia Martinez,-13.993727558979382,-27.97266067952044,102.0,-15.905992055873421,-6.682378225569197,70.56925252295713,10.867303402988393,69.2705912367898,7.969084520938888,19.134871431200004,-9.841483648826355,13.277068523129207,-9.644063236549686,0.13240000000000002
HitIntoPlay,,True,True,David Dunkins,-0.4432042155383619,-33.5468909804078,69.0,-20.598224635001596,-21.275772047682405,65.94989321428208,14.238815578624054,63.86309494805742,-8.2552801011562,17.588980148582195,-16.14986377242539,-5.530097139780279,4.239357076717461,0.07409999999999999
Strike,Foul,True,True,Nolan Nash,-91.49938547446897,-25.254738458750314,90.0,-12.331848687251094,40.20543845041077,76.46264414468021,-36.82366011405669,60.52025234357029,28.772435796626684,8.728696919809282,-5.741955012685995,5.537780208018043,3.543034422336574,0.06970000000000001
Strike,Foul,True,True,Stacey Statkin,-47.571366225315955,5.161450789210426,98.0,-18.430518339329872,-32.64247939954341,66.43197980741371,-25.642699897997684,60.76595710028693,-7.947222204011921,17.091378340041295,13.277295901098563,10.35829236903577,2.9213706226152447,0.5457
HitIntoPlay,,True,True,Evan French,4.104267430423764,4.4727261439086625,96.0,-26.064025648933743,-2.1493092895377517,63.077417488027095,-4.489635884975546,62.881035620543834,2.139889218418386,6.540721341363295,6.245524483308439,1.863564986015311,-0.5491676762682582,0.5510500000000002
HitIntoPlay,,True,True,Vivian Valley,-30.599767340139756,16.992476753545237,112.0,-8.952635058884649,23.07804365845812,76.36863215126435,-22.50876203968718,68.00633623157266,26.470017764522805,15.637239449194524,-11.388711133096042,10.504453117863006,-2.1158877600094814,0.7787
Strike,Foul,True,True,Nolan Nash,-43.6507796208363,11.20855401850298,18.0,-7.917514894985144,15.351311721624835,12.927360896614022,0.1400025970230234,-11.078765321978617,-6.66018152640423,7.165428144968929,-1.386240442717475,4.817660723439306,5.119750295621611,0.25250000000000006
HitIntoPlay,,True,True,David Dunkins,-1.5991160512925808,18.406219559050292,83.0,-17.318626383984892,6.373699459490455,66.55613179048625,-8.809292261639346,65.9529368179768,-1.5248520733356328,16.63190595064277,-7.4447736894270395,13.880761148926705,5.340422285801783,0.9261000000000001
Strike,Foul,True,True,James Jacobson,-85.08563165413487,76.79423275766754,73.0,-32.72494677868984,21.962253347352053,67.34568635701886,27.518678462709417,59.64458578580389,14.855544184036132,5.796777573618473,3.2422708933810847,-3.349038647913275,3.4459033397243055,0.0014
HitIntoPlay,,True,True,Talyor Tomlinson,9.04417833787954,-5.423014702312306,81.0,-12.033521444854475,-13.440435033433426,49.71708679258368,6.06780459069261,45.565519880130005,18.940798944182507,23.705738516251177,-10.819850950530482,-17.688265285808093,11.489914498726943,0.13740000000000002
Strike,Foul,True,True,Bob Batterson,-167.97806093724685,15.25030028741334,67.0,-29.161413590466562,-12.968157436889387,84.86159837206095,-15.261193434188716,83.38463776785069,3.9482955246005753,13.01502965880264,12.96370419308192,-1.115176416459442,-0.29958667185852694,0.41905000000000003
HitIntoPlay,,True,True,John Knowles,-32.10860866448519,-9.671528540531089,82.0,-3.2953562875769613,-27.290705760281615,43.04383479271864,-11.462718449361155,39.4166962817854,-12.949975044107868,8.492838343035608,7.232029069101091,4.426096753574274,0.48551641847817756,0.09475
Strike,Foul,True,True,Evan French,-167.2609584580963,11.681739298060034,74.0,-32.508683910429774,-13.934185277844703,74.82592067977426,-10.187530809322935,74.10272366951789,-1.979637932561861,8.668837751531404,8.138102879405622,2.6290919419709455,1.4170056623914469,0.32975000000000004
Strike,Foul,True,True,Talyor Tomlinson,-139.70500690108832,74.75544484737027,85.0,-7.6570233166834125,38.97862214818413,77.68045168762333,-45.65570097246901,58.15354903424283,23.832210930326802,4.425644992785256,-2.8567517046827393,-3.343602787882642,0.49560437530442947,0.00355
Strike,Foul,True,True,David Dunkins,168.9993495200762,11.951950484479896,65.0,-14.939800411321514,18.38798922606392,75.45403240996338,-21.187056457559894,72.01542478723367,7.628776986009193,8.76586334196638,-1.5410085095340014,8.507120598789186,-1.4472567226413287,0.257
HitIntoPlay,,True,True,Mia Martinez,1.7090478652967878,-11.11833858540671,101.0,-18.021101327614353,-9.849758625308453,70.02890468050556,14.353873086572133,67.84730059831895,9.734352556141737,12.213504898883762,-9.262363304250114,7.822771832064446,-1.4773519548833431,0.23149999999999998
Strike,Foul,True,True,Bob Batterson,-70.80846560192761,42.94192050989444,45.0,-35.263906470928795,-6.657712940537625,80.76456954623787,-4.02233622854791,80.45022055335268,-5.87354391917807,9.352752519302433,9.341519379225899,0.16391316675389578,-0.4279343975771196,0.0847
HitIntoPlay,,True,True,Liam Lowes,17.191816839353567,-21.556708816041454,86.0,-16.577575893966053,19.273563917438302,62.17801423197473,-15.958173230300467,59.08290968250846,10.984167898931691,11.757589905182758,-9.241554260334588,6.332341901623048,-3.568759066215609,0.08895
Strike,Foul,True,True,Arthur Bills,77.63160410035381,78.67074558103235,75.0,-12.833116908133286,11.61771010384606,73.91409583482007,-11.605341850776684,71.46191752302035,14.893083882749503,9.094996212413234,-6.908526407970913,5.661100101099257,-1.715565393540432,0.002300000000000001
Strike,Foul,True,True,Arthur Bills,63.81596872605507,-39.42662986995251,38.0,-8.308763006443025,41.321286140316474,82.9668583502208,-31.638696243044354,72.2906972864575,25.62318423583885,16.122249336660854,10.224502945095182,7.958935300878513,-9.593842404148148,0.268
HitIntoPlay,,True,True,Arthur Bills,16.286679130605215,67.19572914597623,80.0,-15.902124448201327,13.167488778671478,79.2892772719996,-16.246534320394446,76.65971331175683,12.088340161144117,11.88370496496137,-10.129987651389996,6.181381377406738,0.6295380401396279,0.0017500000000000003
HitIntoPlay,,True,True,Vivian Valley,-24.855935399556337,2.4202118459739856,88.0,-9.126765270936863,13.149496563425284,73.95260163910379,-17.523671171333532,63.17434817876429,34.21856177660321,12.841746697458808,-12.34890827743647,1.6770792162786223,3.0987623173585765,0.3499
HitIntoPlay,,True,True,Xavier Xi,5.45460138624716,27.636556483716845,80.0,-25.944936204722648,13.409744675838676,55.262732789714235,10.686598631894377,52.540026350691086,13.3907384462858,15.043699555308724,9.64499005583527,11.502181976714606,0.993414771269439,0.19545
HitIntoPlay,,True,True,Vivian Valley,27.277127536359412,0.6984828507690234,74.0,-18.95472046638676,-11.031422037078169,63.86914493369892,1.1389522870470774,61.934564979376596,15.558924225827651,21.4033374924847,-13.037589302799585,14.872336702076623,8.181547653640578,0.1274
Strike,Foul,True,True,Vivian Valley,70.28525949305205,62.213454897166635,78.0,-23.548763522544007,7.412028103460201,89.95222424383263,-1.702713256899232,89.60455027444084,7.7154380363486865,6.278319617571856,-5.450649531979114,3.035678515194509,-0.7016928475550654,0.013000000000000001
Strike,Foul,True,True,Kyle Kevins,154.36115659134097,-18.43727871537243,63.0,-8.25020834054551,35.643769846389056,76.3039581070788,-37.88306091952582,61.50629389413232,24.579331349386894,10.685881995392018,-6.220571268123437,7.585207698204716,4.237592629398957,0.045500000000000006
HitIntoPlay,,True,True,Xavier Xi,8.426242115635738,33.87930607807185,96.0,-16.64452745946385,10.082367849638276,55.30042555955041,18.755490709790717,49.046970615194496,17.342528903668516,18.316398473421437,16.05828354288698,4.233739536368268,7.726411342375743,0.15079999999999996
Strike,Foul,True,True,James Jacobson,69.77075471303701,-13.445985786956669,106.0,-45.8010093265937,34.029074980048925,68.7799040187626,28.00416939953908,54.114237753754466,31.90753775210881,20.41842168957458,17.98195766551291,0.2898894964621276,-9.668355955840278,0.2496
HitIntoPlay,,True,True,Stacey Statkin,14.2146776708668,-3.734166074510572,99.0,-23.53589931824514,-5.814931591771267,103.67403616309086,41.71340312313202,93.49294136017471,16.351381900496506,53.26859188141994,45.52117351714327,25.05700336227476,11.726560670305819,0.29779999999999995
Strike,Foul,True,True,Chris Dane,143.23544825358837,61.90206539670885,72.0,-16.30662437846085,2.339695545984193,92.86755417480245,-8.337697842775146,91.60752332639406,12.76428936904128,15.447658880830968,-9.259112576603012,12.255749890971833,1.6418263617848563,0.006999999999999999
HitIntoPlay,,True,True,Stacey Statkin,-24.789277677582895,-16.978493339834635,105.0,-23.36353831369428,-24.818824989401026,67.94648648843385,-20.72519103866638,64.6867925002831,-1.676412407202762,16.026690684086482,8.65791229946376,13.482691485511875,0.33525990616852064,0.1911
HitIntoPlay,,True,True,Clara Clapham,-2.074587677429993,-9.515391728690595,88.0,-16.22155802193643,-8.517623710518318,65.34594073736694,-7.825331560406713,63.12955333201618,14.95043989056175,12.590178628510731,12.138426981171028,1.6951063918732712,2.880590675680593,0.14684999999999998
HitIntoPlay,,True,True,David Dunkins,1.579322756435045,19.296801862692494,99.0,-6.254924880691736,-0.13678214802724833,58.25045953392382,-0.14289631325622118,58.246187537544536,0.6908356520513478,14.675933652061435,-7.386786060628736,3.1739312644865874,-12.277808460084595,0.34909999999999997
HitIntoPlay,,True,True,Vivian Valley,30.21282254124158,24.56031078551254,93.0,-22.48795648731656,-11.442898642818312,74.38230669740058,20.219128783756194,71.49407444589717,3.537188145484762,12.301057973252234,-5.597092167613682,10.771629121119103,1.9901237664047047,0.15259999999999999
Strike,Foul,True,True,Vivian Valley,32.7861886458825,60.54648447207999,87.0,-17.225301724086506,9.421231507458524,82.38024262104568,-12.297933902813158,81.24783943523254,5.835561937899613,11.546135247540679,-10.417614726085528,4.786571667026967,1.3694065319553095,0.018850000000000006
Strike,Foul,True,True,Umberto Umbridge,35.40630943572996,47.32218325557842,68.0,-28.984698320260993,-0.4397182113017939,92.17773335208243,-21.776895955547005,89.09028349917614,-9.24244093869774,10.127244406207883,6.660961544203091,-2.8054605013315403,7.093804476103425,0.23654999999999998
HitIntoPlay,,True,True,Nolan Nash,-37.77392076228676,-22.646383554821348,104.0,-12.805354146433464,8.770856076405899,77.72646853492955,-14.940793835874217,72.61218253466897,23.359099683361322,18.230233407410225,-15.213298318660446,9.33086897172845,3.7191193296981395,0.17329999999999998
Strike,Foul,True,True,Vivian Valley,-48.88534841671046,4.47231453107472,95.0,-11.45923723625833,32.59112992365392,74.22652412700562,-28.13498371311518,62.78114383439185,27.866243993137893,8.951230272714362,-7.071880404265262,4.677422926764201,2.8696246631062468,0.46869999999999995
HitIntoPlay,,True,True,Kyle Kevins,-39.36279752199321,7.119079506258569,81.0,-18.417052508175065,19.492655385270652,71.90752405601263,-24.397721716017788,66.6242941948687,11.689594260254504,6.963007504248103,-5.2474128024595545,-2.8399839947853374,3.5892371465482853,0.37015000000000003
Strike,Foul,True,True,Will Watkins,169.514535998824,15.370755958352262,78.0,-21.32595603260805,-9.605036006872272,80.87407386416587,8.519320206992182,78.8600541928458,15.783816373067598,14.818204115103969,-13.358446297811973,4.6668581988027515,4.399036287373096,0.78575
HitIntoPlay,,True,True,Will Watkins,1.1010350385061258,50.37910802240966,27.0,-30.434094973300972,-19.891740073802303,71.40516658366464,11.138113627135384,70.04861085148028,8.23604015579074,20.564138733680313,-16.87588939658232,-1.453497225825284,11.660853517083966,0.15205
HitIntoPlay,,True,True,Chris Dane,1.8667110672144382,25.292243473859855,90.0,-13.280395643896743,26.099415319735584,69.75766754810883,-25.90786852197188,63.79159560194959,11.20476956291469,29.993993074789035,-16.61211122328958,19.581651856130662,15.499557795654804,0.10794999999999999
Strike,Foul,True,True,David Dunkins,151.36982413602453,46.30811842608143,59.0,-14.75443640470299,20.851477976300128,81.56793296943604,-21.657325843892508,78.52147361570637,-4.320429077742839,10.70861432699653,3.510580527791442,9.814032753636763,2.4566249760172396,0.16235000000000002
Strike,Foul,True,True,Kyle Kevins,-44.37546720189602,6.242160812601566,73.0,-21.018747423523394,20.863075041054568,65.23600489900463,-27.416018350882645,57.161696985860885,15.383064410696752,7.9057838857571765,-5.026445966372439,-2.2626064051433636,5.667174962081222,0.22854999999999998
HitIntoPlay,,True,True,Olivia Olsen,-36.167491898917156,29.31917965195454,87.0,-23.078768962447516,-12.569783405770986,71.25395700323571,-14.474553724151109,69.23132957264939,-8.639252786487358,11.502704974957235,3.4939846040853353,10.906894289832332,-1.0695561124800432,0.056600000000000004
HitIntoPlay,,True,True,Liam Lowes,-4.861621578759139,23.573958552044918,100.0,-13.452980237952238,10.784184652516414,68.028415707077,-7.618594138217968,67.59710249770872,0.6738700811393451,10.19295605008989,-4.5392398268527625,8.94590262759951,1.8062339302775694,0.5115
HitIntoPlay,,True,True,Chris Dane,-21.807822055315874,-0.7485148273494545,78.0,-19.4025359061758,11.365764401924585,66.2927778428391,-9.06001768179531,60.241284637534385,26.146435683380222,14.901560294138035,-12.320679099235551,5.586548679085297,6.248827057112543,0.13090000000000002
Strike,Foul,True,True,Stacey Statkin,-100.45333619883691,25.994864144807224,91.0,-17.3781706215896,-42.45549744070035,66.67635316251786,-23.008836406324832,60.943660798387846,-14.219695030865871,18.462167016860644,15.131146408356283,9.447364092587321,4.758921204373487,0.11675000000000002
HitIntoPlay,,True,True,Evan French,10.9481384452904,42.386964884241884,81.0,-39.388119766752965,18.006922152138152,75.06901853907742,24.23069825538935,71.00724837240136,2.4902781083094245,8.353311245647387,4.941002665549355,-6.420868992164034,2.03389842695246,0.017150000000000006
HitIntoPlay,,True,True,Clara Clapham,-0.1023582766688069,9.797363214067884,100.0,-19.12292323168482,-25.70706514149148,67.53316478202339,-5.503104194604168,67.18604621198682,4.059480767293732,13.37639323937129,12.588253902508118,-4.004736303652425,-2.103769692360687,0.7430000000000001
HitIntoPlay,,True,True,Umberto Umbridge,-12.603357975245318,-21.743844898203875,100.0,-33.15068991749305,-4.8871010362890726,61.3789089607423,0.43210685716041036,61.16238788621718,5.13284101945502,13.947442140081346,-13.277499523113072,3.126699398799034,2.9091063119451004,0.12465
Strike,Foul,True,True,David Dunkins,-48.291758824979716,-29.70227995825242,93.0,-12.07681105726944,24.012873087351487,75.30905287749128,-19.332580381429118,70.63922595218295,17.5443591497895,10.337946459671835,-5.999444748964986,4.9600212292830825,-6.802792743588404,0.0816
HitIntoPlay,,True,True,Xavier Xi,5.017083797091407,55.87690174488095,87.0,-33.67217949194837,26.059388896032686,58.5204144332072,18.781379811730943,53.31987559333773,15.129095958213053,10.954999954606794,4.924794135046117,8.924495696405078,4.0139510831221505,0.009400000000000002
Strike,Foul,True,True,Arthur Bills,74.3467998231577,75.65232096640942,77.0,-17.75362005823932,26.056052962507717,80.95621269521216,-37.968024175634106,69.36104621612525,17.36037966046341,11.599763543866436,-10.620611867728076,4.055801256101657,-2.3038216076099634,0.0019000000000000002
HitIntoPlay,,True,True,Chris Dane,2.9945488092928225,2.5865907458044743,55.0,-19.540643066622547,-15.302083207084262,69.16847829015272,4.903957512167695,68.88005584640828,3.9708306800793607,15.24625904046178,-14.923043720048826,0.3865121008674847,-3.098675403177431,0.1058
HitIntoPlay,,True,True,Nolan Nash,-18.92782278471243,19.978977616634733,107.0,-13.443421885768464,16.9100381358741,118.84397286204181,-84.33059552076732,61.585017547756586,56.74086850224432,92.23695966140876,-82.91396315792544,14.616980495918188,37.6732706598256,0.7785
HitIntoPlay,,True,True,Umberto Umbridge,-29.144909732735524,-15.87804366452465,109.0,-30.297765085117383,8.28528859089572,62.02354463373478,-8.625815010615028,60.04550420399349,12.924891845726954,12.134484078590074,-11.813854606989507,1.4377404634371527,2.368848990177358,0.20115000000000002
Strike,Foul,True,True,Nolan Nash,60.43401096869836,69.93199209216934,79.0,-17.207003187625272,10.040091569048718,86.0689733847013,-13.044667540914883,84.93429913373328,4.88565849245899,9.432529958752712,-7.164315573501185,3.8117745402647034,4.807866329282214,0.005450000000000001
HitIntoPlay,,True,True,Arthur Bills,31.159033214041887,30.924963488683773,73.0,-23.256705395529437,-10.020874037629321,73.62220953834445,11.45069856048666,72.72626254042311,0.04445993944975356,13.093416542161046,-12.75844247619671,2.447682761646477,1.6335701473933733,0.5128000000000001
HitIntoPlay,,True,True,Evan French,-32.50010577794049,45.404938157465125,80.0,-12.513976690231987,-11.849044195275551,57.6300624711593,-10.052490659065686,56.658279167641844,-3.164005964071971,8.364878836373727,6.556519105968003,1.1105921866217097,5.074430032555818,0.024850000000000004
HitIntoPlay,,True,True,Bob Batterson,37.13517989615985,2.6098951706848834,75.0,-27.346045988322874,46.43620188471419,67.73748649516855,40.602876401123204,45.47215818386011,29.530599972575217,7.923132822864739,7.272426737525761,-3.126291312340727,-0.3378545640654764,0.14815
Strike,Foul,True,True,Olivia Olsen,-63.13231767363776,38.640189765377066,90.0,-16.99957449387742,-21.558306495089923,67.04327153077405,-23.608114223086382,62.37470756032365,-6.844929301527326,10.52302667148053,2.1896776003944964,10.19530583327236,1.4124947083312513,0.016300000000000002
Strike,Foul,True,True,Arthur Bills,-56.610103944411044,-23.812102730878255,93.0,-23.639638941780245,12.445285309938933,80.56887266291068,-4.910832365626808,78.96665609036899,15.214933241865314,11.496347018770974,-9.572948863929842,4.584069969979491,-4.417119800834122,0.1018
HitIntoPlay,,True,True,Arthur Bills,-34.30349926681664,-15.921072029552546,104.0,-17.368641219740198,13.423534586563644,70.61104820422072,-2.997378748995264,67.53110318906361,20.407987436342093,9.05692056467253,-8.382137950730183,0.7776174909468238,-3.3410903201635476,0.20775000000000002
Strike,Foul,True,True,David Dunkins,-37.662272719134286,22.820189166469717,100.0,-12.257643770576607,30.66270878507893,67.46707424420592,-36.84486270602793,54.92238559451179,13.333932647756566,10.362754054444594,-9.461518528663797,1.4556870285103511,3.968288547936781,0.45515
HitIntoPlay,,True,True,James Jacobson,5.536234604858654,29.32029393595832,100.0,-35.580440353531756,11.799864186437647,55.28950850161438,12.078067741268395,52.5470444715515,12.241656231581144,10.084915230631411,0.7906053006657278,3.6859218325696146,9.353846198851429,0.5756
Strike,Foul,True,True,Mia Martinez,116.93348604018648,63.71267062310227,71.0,-15.618095145823755,0.5923768248223031,81.5234671133325,-7.069696070051043,80.94261822976311,6.66240510375424,11.732376696357287,-9.495714976498322,5.811826550354999,3.701720164858726,0.0034500000000000004
Strike,Foul,True,True,James Jacobson,-166.68617548066626,57.33229519033656,80.0,-28.908271984632936,36.15622969935548,71.76713804436645,36.82989646176636,56.57310226354706,24.363188009227507,15.43208666886262,12.163354238654598,8.490067315359205,4.25686147307614,0.04045
Strike,Foul,True,True,Umberto Umbridge,-68.76216434946728,-32.84114068535551,81.0,-17.29355994979122,31.099288100873967,71.54738412413589,-20.624011988067345,63.95862065986291,24.555511556684444,8.864588293832618,-4.380317412360019,4.756573001673966,-6.0637247848064675,0.04650000000000001
Strike,Foul,True,True,David Dunkins,82.81807015530444,70.40141072648339,67.0,-20.186897023413053,9.317007994754272,84.60549410644195,-28.61264364443589,79.55966574818903,-3.1089938417665204,6.68654484787615,-6.492843348551101,1.5939491511731263,-0.11042353602962171,0.0018000000000000002
Strike,Foul,True,True,Bob Batterson,61.02342201329729,0.40687784166266794,96.0,-35.609637697940904,36.83196351747021,76.0913793800183,33.47436460228982,65.68960121899666,18.821297035965195,8.878122168435398,7.314564546394681,2.857971883814941,-4.141279445487024,0.41114999999999996
HitIntoPlay,,True,True,Liam Lowes,-12.126508411194814,-24.740686326542235,82.0,-17.48066495404895,16.270551988263474,49.922115802603976,-9.044220340409543,47.92570910902413,10.655802693365013,11.67924559663995,-6.811185554056512,8.853435623556983,-3.4101622709744603,0.06325
HitIntoPlay,,True,True,Bob Batterson,-17.15526923405855,9.818523641956007,81.0,-33.801924389821124,-10.374392407512461,59.45838479427261,-9.318829805684103,58.640737269445715,-3.1181510374455472,9.96192600633936,2.9451643651189467,9.470649381186764,-0.9342253030403013,0.4394
Strike,Foul,True,True,Xavier Xi,-81.37599502369125,65.48384298118206,74.0,-24.985933361327785,2.1631403800330022,74.87255005741622,8.824475326403805,73.85178685949404,8.598893241217267,7.349668784929773,6.324498994793956,3.242500239804542,1.8720405732485639,0.0019000000000000002
HitIntoPlay,,True,True,James Jacobson,43.907638500601465,-8.853068036828569,73.0,-43.80104691481858,22.099140373744508,66.71416632581405,14.929252889136748,55.78155721797583,33.41130453990492,33.59799861622812,28.714688878709673,14.930081044229773,-9.02135431228062,0.06515000000000001
HitIntoPlay,,True,True,James Jacobson,8.439393985562539,-7.483737424818328,83.0,-28.588710289101574,-2.725196966083408,64.14005416322443,-4.133854640348323,62.44299072750965,14.061674967015042,11.90312458770351,10.258751992800093,5.9852767749571445,-0.786666656068882,0.12350000000000001
HitIntoPlay,,True,True,David Dunkins,4.665415077141383,7.792186828335102,86.0,-22.26697142739511,-11.374554040909043,82.77551059768938,4.290430392016962,82.55817544719082,-4.186290552541949,15.266715746802879,-10.803419641100973,10.10603898971924,3.7718310792276033,0.4503500000000001
HitIntoPlay,,True,True,Olivia Olsen,-14.369963201760438,-0.6452317323614576,91.0,-22.784134628025658,-13.016066439436129,73.16369763317923,-15.612280383338511,71.45900688652141,-1.6714327337300419,34.872890762181484,2.341447489845771,34.670381753873265,-2.9327057138467216,0.28584999999999994
HitIntoPlay,,True,True,Arthur Bills,-32.76619657683844,18.812961718380468,79.0,-6.384494911215691,44.82597712305162,59.9584532457049,-36.63334809164394,39.47605983530223,26.356301392522177,10.371907686531575,-9.044894411498932,1.4734297026910592,4.857505435302764,0.9761000000000001
HitIntoPlay,,True,True,Kyle Kevins,-22.304748161654345,10.663960453090548,96.0,-17.078961440402633,12.148606496134406,71.50612318807782,-16.070615965794374,68.89406742481347,10.414817786873204,11.227583467892192,-10.720862033099818,1.6898142983973048,2.8751131164976638,0.7634
HitIntoPlay,,True,True,David Dunkins,-2.017637479231718,28.101539518148957,100.0,-28.205674839047223,8.148814564410497,87.43693913775833,-35.09804772955136,79.23301425727384,11.639365234446025,30.640318205576886,-24.022458693069265,7.675491452013408,17.40222425579145,0.58365
Strike,Foul,True,True,Arthur Bills,160.45619448071088,26.265334705863648,70.0,-19.276471844225647,16.162728287706194,86.85107484864488,-18.37893392865319,83.01978516522134,17.692915563343746,7.968876473261256,-6.774624203819218,3.304238949681337,-2.586399835008569,0.9726500000000001
HitIntoPlay,,True,True,Kyle Kevins,-1.583902313797851,70.51240288094121,82.0,-14.954206068207247,16.10489478651481,73.02253850138989,-27.2905064544877,66.89989557913633,10.579383637300804,12.581674733784965,-11.54878824511679,4.030805105402391,2.9456135826814207,0.0028500000000000005
Strike,Foul,True,True,Xavier Xi,-129.76060896087745,64.20829778078375,76.0,-29.224238815512106,14.215528171625975,77.36599581546207,10.79474240888536,75.62573649492069,12.2359643855614,7.306535279622782,4.552918954193816,5.714541868671138,-0.019950441589728588,0.0037000000000000006
HitIntoPlay,,True,True,Bob Batterson,15.014613264323188,31.432693621932465,103.0,-35.14653601292656,11.483346929965977,44.45778235004616,-21.139063527991805,39.11009278144703,-0.1872091616537152,30.58968022920994,-21.115395543970894,22.075471958421677,-1.5944106622541814,0.7150000000000001
HitIntoPlay,,True,True,Xavier Xi,22.143770461403214,12.095112979805828,101.0,-30.035524994637633,16.782420445167457,66.1051598421847,9.156616417252806,63.51661672010324,15.864675665754643,5.900033859356236,3.9289480068627127,2.4324546022927316,3.668369080218683,0.9343000000000001
HitIntoPlay,,True,True,Liam Lowes,-60.58220498505104,-62.33879835903139,56.0,-22.95692951405171,-6.664525146949187,74.51507378320885,7.985559613755098,74.05480922700384,2.147624018371949,11.725862046644268,-10.5419840942375,5.124419012343877,0.3205337419128365,0.25315000000000004
